/*
Navicat MySQL Data Transfer

Source Server         : zhongwen
Source Server Version : 50562
Source Host           : localhost:3306
Source Database       : wxshopping

Target Server Type    : MYSQL
Target Server Version : 50562
File Encoding         : 65001

Date: 2019-03-16 22:56:25
*/

SET FOREIGN_KEY_CHECKS=0;

-- ----------------------------
-- Table structure for address_info
-- ----------------------------
DROP TABLE IF EXISTS `address_info`;
CREATE TABLE `address_info` (
  `a_id` int(11) NOT NULL AUTO_INCREMENT,
  `u_oppenid` varchar(30) NOT NULL,
  `a_name` varchar(10) DEFAULT NULL,
  `a_telephone` varchar(11) DEFAULT NULL,
  `a_provice` varchar(10) DEFAULT NULL,
  `a_city` varchar(10) DEFAULT NULL,
  `a_county` varchar(10) DEFAULT NULL,
  `a_detail` varchar(50) DEFAULT NULL,
  `a_default` int(11) DEFAULT NULL,
  PRIMARY KEY (`a_id`)
) ENGINE=InnoDB AUTO_INCREMENT=9 DEFAULT CHARSET=utf8;

-- ----------------------------
-- Records of address_info
-- ----------------------------
INSERT INTO `address_info` VALUES ('1', 'o_k4M5CkHNYRH2M7zIBHqYcqxlU4', '中文', '17538140941', '河南省', '信阳市', '浉河区', '花园路105号', '0');
INSERT INTO `address_info` VALUES ('2', 'o_k4M5CkHNYRH2M7zIBHqYcqxlU4', '貝貝', '15517143702', '河南省', '南阳市', '西峡县', '花园路105号', '1');
INSERT INTO `address_info` VALUES ('3', 'o_k4M5CkHNYRH2M7zIBHqYcqxlU4', '小黑', '15517143701', '河南省', '信阳市', '浉河区', '花园路10', '0');
INSERT INTO `address_info` VALUES ('6', 'o_k4M5CkHNYRH2M7zIBHqYcqxlU4', '阳阳', '1753840941', '河南省', '信阳市', '浉河区', '商城县花园', '0');
INSERT INTO `address_info` VALUES ('7', '', '梦洁', '18237168899', '河南省', '商丘市', '夏邑县', '老粮食局院内', '1');
INSERT INTO `address_info` VALUES ('8', '', '梦洁', '18237166689', '河南省', '驻马店市', '驿城区', '格鲁特', '0');

-- ----------------------------
-- Table structure for admin_info
-- ----------------------------
DROP TABLE IF EXISTS `admin_info`;
CREATE TABLE `admin_info` (
  `admin` varchar(20) DEFAULT NULL,
  `psw` varchar(20) DEFAULT NULL
) ENGINE=InnoDB DEFAULT CHARSET=utf8;

-- ----------------------------
-- Records of admin_info
-- ----------------------------

-- ----------------------------
-- Table structure for carts
-- ----------------------------
DROP TABLE IF EXISTS `carts`;
CREATE TABLE `carts` (
  `cartId` int(11) NOT NULL AUTO_INCREMENT,
  `p_id` int(11) DEFAULT NULL,
  `oppenid` varchar(30) DEFAULT NULL,
  `p_num` int(11) DEFAULT NULL,
  PRIMARY KEY (`cartId`),
  KEY `FK_Reference_8` (`p_id`),
  CONSTRAINT `FK_Reference_8` FOREIGN KEY (`p_id`) REFERENCES `products_info` (`p_id`)
) ENGINE=InnoDB AUTO_INCREMENT=345 DEFAULT CHARSET=utf8;

-- ----------------------------
-- Records of carts
-- ----------------------------
INSERT INTO `carts` VALUES ('159', '233', 'o_k4M5Ak1Jo6DTtHWjaRiBY3isQI', '1');
INSERT INTO `carts` VALUES ('250', '54', 'o_k4M5Bw1POpa8oLUGR1z3a2jKFg', '1');
INSERT INTO `carts` VALUES ('282', '131', 'o_k4M5Ntzxy6ixwv304oSeA52vfI', '1');
INSERT INTO `carts` VALUES ('334', '54', '', '1');
INSERT INTO `carts` VALUES ('335', '129', '', '1');
INSERT INTO `carts` VALUES ('343', '132', 'o_k4M5CkHNYRH2M7zIBHqYcqxlU4', '1');
INSERT INTO `carts` VALUES ('344', '150', 'o_k4M5CkHNYRH2M7zIBHqYcqxlU4', '1');

-- ----------------------------
-- Table structure for index_detail
-- ----------------------------
DROP TABLE IF EXISTS `index_detail`;
CREATE TABLE `index_detail` (
  `id_id` int(11) NOT NULL AUTO_INCREMENT,
  `it_id` int(11) DEFAULT NULL,
  `id_name` varchar(10) DEFAULT NULL,
  `id_image` varchar(60) DEFAULT NULL,
  PRIMARY KEY (`id_id`)
) ENGINE=InnoDB AUTO_INCREMENT=92 DEFAULT CHARSET=utf8;

-- ----------------------------
-- Records of index_detail
-- ----------------------------
INSERT INTO `index_detail` VALUES ('1', '1', '夏季出行', '/wxshopping/userfiles/images/xiajichuxing.jpg');
INSERT INTO `index_detail` VALUES ('2', '1', '清凉床品', '/wxshopping/userfiles/images/qingliangchuangpin.jpg');
INSERT INTO `index_detail` VALUES ('3', '1', '夏季茶饮', '/wxshopping/userfiles/images/xiajichayin.jpg');
INSERT INTO `index_detail` VALUES ('4', '1', '减脂好物', '/wxshopping/userfiles/images/jianzhi.jpg');
INSERT INTO `index_detail` VALUES ('5', '1', '女士夏装', '/wxshopping/userfiles/images/nvzhuang.jpg');
INSERT INTO `index_detail` VALUES ('6', '1', '男士夏装', '/wxshopping/userfiles/images/nanzhuang.jpg');
INSERT INTO `index_detail` VALUES ('7', '1', '萌宝夏装', '/wxshopping/userfiles/images/mengbao.jpg');
INSERT INTO `index_detail` VALUES ('8', '1', '夏季凉拖', '/wxshopping/userfiles/images/liangxie.jpg');
INSERT INTO `index_detail` VALUES ('9', '3', '夏凉', '/wxshopping/userfiles/images/xialiang.jpg');
INSERT INTO `index_detail` VALUES ('10', '3', '床品件套', '/wxshopping/userfiles/images/chaungpin.jpg');
INSERT INTO `index_detail` VALUES ('11', '3', '被枕', '/wxshopping/userfiles/images/beizheng.jpg');
INSERT INTO `index_detail` VALUES ('12', '3', '家具', '/wxshopping/userfiles/images/jiaju.jpg');
INSERT INTO `index_detail` VALUES ('13', '3', '灯具', '/wxshopping/userfiles/images/dengju.jpg');
INSERT INTO `index_detail` VALUES ('14', '3', '收纳', '/wxshopping/userfiles/images/shouna.jpg');
INSERT INTO `index_detail` VALUES ('15', '3', '布艺软装', '/wxshopping/userfiles/images/buyi.jpg');
INSERT INTO `index_detail` VALUES ('16', '3', '家饰', '/wxshopping/userfiles/images/jiashi.jpg');
INSERT INTO `index_detail` VALUES ('17', '3', '旅行用品', '/wxshopping/userfiles/images/lvxing.jpg');
INSERT INTO `index_detail` VALUES ('18', '3', '宠物', '/wxshopping/userfiles/images/chongwu.jpg');
INSERT INTO `index_detail` VALUES ('19', '4', '行李箱', '/wxshopping/userfiles/images/xinglixaing.jpg');
INSERT INTO `index_detail` VALUES ('20', '4', '男士包袋', '/wxshopping/userfiles/images/nanbao.jpg');
INSERT INTO `index_detail` VALUES ('21', '4', '女士包袋', '/wxshopping/userfiles/images/nvbao.jpg');
INSERT INTO `index_detail` VALUES ('22', '4', '钱包及小皮件', '/wxshopping/userfiles/images/xioaqianbao.jpg');
INSERT INTO `index_detail` VALUES ('23', '4', '女鞋', '/wxshopping/userfiles/images/nvxie.jpg');
INSERT INTO `index_detail` VALUES ('24', '4', '男鞋', '/wxshopping/userfiles/images/nanxie.jpg');
INSERT INTO `index_detail` VALUES ('25', '4', '拖鞋', '/wxshopping/userfiles/images/tuoxie.jpg');
INSERT INTO `index_detail` VALUES ('26', '4', '袜子', '/wxshopping/userfiles/images/wazi.jpg');
INSERT INTO `index_detail` VALUES ('27', '4', '丝袜', '/wxshopping/userfiles/images/siwa.jpg');
INSERT INTO `index_detail` VALUES ('28', '4', '配饰', '/wxshopping/userfiles/images/peishi.jpg');
INSERT INTO `index_detail` VALUES ('29', '4', '眼镜', '/wxshopping/userfiles/images/yanjing.jpg');
INSERT INTO `index_detail` VALUES ('30', '4', '围巾', '/wxshopping/userfiles/images/weijing.jpg');
INSERT INTO `index_detail` VALUES ('31', '5', 'T恤', '/wxshopping/userfiles/images/txue.jpg');
INSERT INTO `index_detail` VALUES ('32', '5', '运动', '/wxshopping/userfiles/images/yundong.jpg');
INSERT INTO `index_detail` VALUES ('33', '5', '衬衫', '/wxshopping/userfiles/images/chenshan.jpg');
INSERT INTO `index_detail` VALUES ('34', '5', '牛仔', '/wxshopping/userfiles/images/niuzai.jpg');
INSERT INTO `index_detail` VALUES ('35', '5', '裤装', '/wxshopping/userfiles/images/kuzhuang.jpg');
INSERT INTO `index_detail` VALUES ('36', '5', '内衣', '/wxshopping/userfiles/images/neiyi.jpg');
INSERT INTO `index_detail` VALUES ('37', '5', '内裤', '/wxshopping/userfiles/images/neiku.jpg');
INSERT INTO `index_detail` VALUES ('38', '5', '家居服', '/wxshopping/userfiles/images/jiajufu.jpg');
INSERT INTO `index_detail` VALUES ('39', '5', '裙装', '/wxshopping/userfiles/images/qunzhuang.jpg');
INSERT INTO `index_detail` VALUES ('40', '5', '卫衣', '/wxshopping/userfiles/images/weiyi.jpg');
INSERT INTO `index_detail` VALUES ('41', '5', '外衣', '/wxshopping/userfiles/images/waiyi.jpg');
INSERT INTO `index_detail` VALUES ('42', '5', '针织毛衣', '/wxshopping/userfiles/images/zhenzhimoayi.jpg');
INSERT INTO `index_detail` VALUES ('43', '6', '生活电器', '/wxshopping/userfiles/images/shenghuodianqi.jpg');
INSERT INTO `index_detail` VALUES ('44', '6', '厨房电器', '/wxshopping/userfiles/images/chufangdianqi.jpg');
INSERT INTO `index_detail` VALUES ('45', '6', '个户健康', '/wxshopping/userfiles/images/gehujiankang.jpg');
INSERT INTO `index_detail` VALUES ('46', '6', '数码', '/wxshopping/userfiles/images/shuma.jpg');
INSERT INTO `index_detail` VALUES ('47', '6', '影音娱乐', '/wxshopping/userfiles/images/yingyinyule.jpg');
INSERT INTO `index_detail` VALUES ('48', '7', '纸巾湿巾', '/wxshopping/userfiles/images/zhijingshijing.jpg');
INSERT INTO `index_detail` VALUES ('49', '7', '家庭清洁', '/wxshopping/userfiles/images/jiatingqingjie.jpg');
INSERT INTO `index_detail` VALUES ('50', '7', '生活用品', '/wxshopping/userfiles/images/shengli.jpg');
INSERT INTO `index_detail` VALUES ('51', '7', '毛巾', '/wxshopping/userfiles/images/maojing.jpg');
INSERT INTO `index_detail` VALUES ('52', '7', '美妆', '/wxshopping/userfiles/images/meizhuang.jpg');
INSERT INTO `index_detail` VALUES ('53', '7', '面部口轻护理', '/wxshopping/userfiles/images/mianbuhuli.jpg');
INSERT INTO `index_detail` VALUES ('54', '7', '身体护理', '/wxshopping/userfiles/images/shentihuli.jpg');
INSERT INTO `index_detail` VALUES ('55', '7', '浴室用具', '/wxshopping/userfiles/images/yushi.jpg');
INSERT INTO `index_detail` VALUES ('56', '7', '洗发护理', '/wxshopping/userfiles/images/fahuli.jpg');
INSERT INTO `index_detail` VALUES ('57', '8', '糕点', '/wxshopping/userfiles/images/gaodian.jpg');
INSERT INTO `index_detail` VALUES ('58', '8', '小食', '/wxshopping/userfiles/images/xiaoshi.jpg');
INSERT INTO `index_detail` VALUES ('59', '8', '坚果炒货', '/wxshopping/userfiles/images/jianguo.jpg');
INSERT INTO `index_detail` VALUES ('60', '8', '果干', '/wxshopping/userfiles/images/guogan.jpg');
INSERT INTO `index_detail` VALUES ('61', '8', '肉类食品', '/wxshopping/userfiles/images/roushi.jpg');
INSERT INTO `index_detail` VALUES ('62', '8', '冲饮', '/wxshopping/userfiles/images/chongyin.jpg');
INSERT INTO `index_detail` VALUES ('63', '8', '茗茶', '/wxshopping/userfiles/images/mingcha.jpg');
INSERT INTO `index_detail` VALUES ('64', '8', '酒水饮料', '/wxshopping/userfiles/images/jiushui.jpg');
INSERT INTO `index_detail` VALUES ('65', '8', '滋补保健', '/wxshopping/userfiles/images/zibubaojian.jpg');
INSERT INTO `index_detail` VALUES ('66', '9', '水具杯壶', '/wxshopping/userfiles/images/shuihu.jpg');
INSERT INTO `index_detail` VALUES ('67', '9', '餐具', '/wxshopping/userfiles/images/canju1.jpg');
INSERT INTO `index_detail` VALUES ('68', '9', '锅具', '/wxshopping/userfiles/images/guoju.jpg');
INSERT INTO `index_detail` VALUES ('69', '9', '清洁保险', '/wxshopping/userfiles/images/qingjie.jpg');
INSERT INTO `index_detail` VALUES ('70', '9', '厨房配具', '/wxshopping/userfiles/images/chufangpeiju.jpg');
INSERT INTO `index_detail` VALUES ('71', '10', '孕产', '/wxshopping/userfiles/images/yunchan.jpg');
INSERT INTO `index_detail` VALUES ('72', '10', '玩具', '/wxshopping/userfiles/images/wanju.jpg');
INSERT INTO `index_detail` VALUES ('73', '10', '婴童洗护', '/wxshopping/userfiles/images/yingtongxihu.jpg');
INSERT INTO `index_detail` VALUES ('74', '10', '婴童出行', '/wxshopping/userfiles/images/yingtongchuxing.png');
INSERT INTO `index_detail` VALUES ('75', '11', '文具', '/wxshopping/userfiles/images/wenju.jpg');
INSERT INTO `index_detail` VALUES ('76', '11', '运动户外', '/wxshopping/userfiles/images/yundonghuwai.jpg');
INSERT INTO `index_detail` VALUES ('77', '11', '唱片', '/wxshopping/userfiles/images/changpian.jpg');
INSERT INTO `index_detail` VALUES ('80', '12', '日本馆', '/wxshopping/userfiles/images/ribenguan.jpg');
INSERT INTO `index_detail` VALUES ('81', '12', '韩国馆', '/wxshopping/userfiles/images/hanguoguan.jpg');
INSERT INTO `index_detail` VALUES ('82', '12', '东南亚馆', '/wxshopping/userfiles/images/dongnanya.jpg');
INSERT INTO `index_detail` VALUES ('83', '12', '欧美馆', '/wxshopping/userfiles/images/oumeiguan.jpg');
INSERT INTO `index_detail` VALUES ('84', '12', '澳新馆', '/wxshopping/userfiles/images/aoxinguan.jpg');
INSERT INTO `index_detail` VALUES ('85', '12', '智造馆', '/wxshopping/userfiles/images/zhizaoguan.jpg');
INSERT INTO `index_detail` VALUES ('88', '2', '酒水饮品', '/wxshopping/userfiles/images/jiushuiyinpn.jpg');
INSERT INTO `index_detail` VALUES ('89', '2', '宝贝专用', '/wxshopping/userfiles/images/baobeizhuanyong.jpg');
INSERT INTO `index_detail` VALUES ('90', '2', '清洁日用', '/wxshopping/userfiles/images/qingjieriyong.jpg');
INSERT INTO `index_detail` VALUES ('91', '2', '保健养生', '/wxshopping/userfiles/images/baoyang.jpg');

-- ----------------------------
-- Table structure for index_type
-- ----------------------------
DROP TABLE IF EXISTS `index_type`;
CREATE TABLE `index_type` (
  `it_id` int(11) NOT NULL AUTO_INCREMENT,
  `it_image` varchar(50) DEFAULT NULL,
  `it_name` varchar(10) DEFAULT NULL,
  PRIMARY KEY (`it_id`)
) ENGINE=InnoDB AUTO_INCREMENT=13 DEFAULT CHARSET=utf8;

-- ----------------------------
-- Records of index_type
-- ----------------------------
INSERT INTO `index_type` VALUES ('1', '/wxshopping/userfiles/images/xaiji.jpg', '夏季专区');
INSERT INTO `index_type` VALUES ('2', '/wxshopping/userfiles/images/gexing.jpg', '个性专区');
INSERT INTO `index_type` VALUES ('3', '/wxshopping/userfiles/images/jujia.jpg', '居家');
INSERT INTO `index_type` VALUES ('4', '/wxshopping/userfiles/images/peijian.jpg', '配件');
INSERT INTO `index_type` VALUES ('5', '/wxshopping/userfiles/images/fuzhuang.jpg', '服装');
INSERT INTO `index_type` VALUES ('6', '/wxshopping/userfiles/images/dianqi.jpg', '电器');
INSERT INTO `index_type` VALUES ('7', '/wxshopping/userfiles/images/xihu.jpg', '洗护');
INSERT INTO `index_type` VALUES ('8', '/wxshopping/userfiles/images/yinshi.jpg', '饮食');
INSERT INTO `index_type` VALUES ('9', '/wxshopping/userfiles/images/canju.jpg', '餐具');
INSERT INTO `index_type` VALUES ('10', '/wxshopping/userfiles/images/yingtong.jpg', '婴童');
INSERT INTO `index_type` VALUES ('11', '/wxshopping/userfiles/images/wenti.jpg', '文体');
INSERT INTO `index_type` VALUES ('12', '/wxshopping/userfiles/images/tesequ.jpg', '特色区');

-- ----------------------------
-- Table structure for order_detail
-- ----------------------------
DROP TABLE IF EXISTS `order_detail`;
CREATE TABLE `order_detail` (
  `o_id` int(11) DEFAULT NULL,
  `p_id` int(11) DEFAULT NULL,
  `od_num` int(11) DEFAULT NULL,
  KEY `FK_Reference_4` (`o_id`),
  KEY `FK_Reference_5` (`p_id`),
  CONSTRAINT `FK_Reference_4` FOREIGN KEY (`o_id`) REFERENCES `order_info` (`o_id`),
  CONSTRAINT `FK_Reference_5` FOREIGN KEY (`p_id`) REFERENCES `products_info` (`p_id`)
) ENGINE=InnoDB DEFAULT CHARSET=utf8;

-- ----------------------------
-- Records of order_detail
-- ----------------------------
INSERT INTO `order_detail` VALUES ('342333', '131', '4');
INSERT INTO `order_detail` VALUES ('342333', '237', '1');
INSERT INTO `order_detail` VALUES ('342334', '129', '1');
INSERT INTO `order_detail` VALUES ('342334', '197', '1');
INSERT INTO `order_detail` VALUES ('342334', '54', '1');
INSERT INTO `order_detail` VALUES ('342335', '199', '10');
INSERT INTO `order_detail` VALUES ('342336', '27', '1');
INSERT INTO `order_detail` VALUES ('342337', '130', '3');
INSERT INTO `order_detail` VALUES ('342338', '226', '1');
INSERT INTO `order_detail` VALUES ('342339', '226', '1');
INSERT INTO `order_detail` VALUES ('342340', '226', '1');
INSERT INTO `order_detail` VALUES ('342340', '132', '1');

-- ----------------------------
-- Table structure for order_info
-- ----------------------------
DROP TABLE IF EXISTS `order_info`;
CREATE TABLE `order_info` (
  `o_id` int(11) NOT NULL AUTO_INCREMENT,
  `a_id` int(11) DEFAULT NULL,
  `o_date` varchar(20) DEFAULT NULL,
  `o_status` varchar(30) DEFAULT NULL,
  `u_oppenId` varchar(30) DEFAULT NULL,
  PRIMARY KEY (`o_id`),
  KEY `FK_Reference_3` (`a_id`),
  CONSTRAINT `FK_Reference_3` FOREIGN KEY (`a_id`) REFERENCES `address_info` (`a_id`)
) ENGINE=InnoDB AUTO_INCREMENT=342341 DEFAULT CHARSET=utf8;

-- ----------------------------
-- Records of order_info
-- ----------------------------
INSERT INTO `order_info` VALUES ('342333', '2', '2018-08-09/10:08:14', '待发货', 'o_k4M5CkHNYRH2M7zIBHqYcqxlU4');
INSERT INTO `order_info` VALUES ('342334', '2', '2018-08-09/10:09:52', '已发货', 'o_k4M5CkHNYRH2M7zIBHqYcqxlU4');
INSERT INTO `order_info` VALUES ('342335', '6', '2018-08-09/16:18:19', '待发货', 'o_k4M5CkHNYRH2M7zIBHqYcqxlU4');
INSERT INTO `order_info` VALUES ('342336', '6', '2018-08-09/16:57:17', '待发货', 'o_k4M5CkHNYRH2M7zIBHqYcqxlU4');
INSERT INTO `order_info` VALUES ('342337', '2', '2018-12-29/15:48:45', '已完成', 'o_k4M5CkHNYRH2M7zIBHqYcqxlU4');
INSERT INTO `order_info` VALUES ('342338', '2', '2019-01-12/20:02:23', '已发货', 'o_k4M5CkHNYRH2M7zIBHqYcqxlU4');
INSERT INTO `order_info` VALUES ('342339', '2', '2019-01-17/18:37:25', '待发货', 'o_k4M5CkHNYRH2M7zIBHqYcqxlU4');
INSERT INTO `order_info` VALUES ('342340', '2', '2019-01-18/12:40:42', '待发货', 'o_k4M5CkHNYRH2M7zIBHqYcqxlU4');

-- ----------------------------
-- Table structure for products_info
-- ----------------------------
DROP TABLE IF EXISTS `products_info`;
CREATE TABLE `products_info` (
  `p_id` int(11) NOT NULL AUTO_INCREMENT,
  `p_name` varchar(20) DEFAULT NULL,
  `p_info` varchar(20) DEFAULT NULL,
  `id_id` int(11) DEFAULT NULL,
  `r_date` varchar(20) DEFAULT NULL,
  `p_detail` varchar(500) DEFAULT NULL,
  `p_index` int(11) DEFAULT NULL,
  `p_pic1` varchar(80) DEFAULT NULL,
  `p_pic2` varchar(80) DEFAULT NULL,
  `p_pic3` varchar(80) DEFAULT NULL,
  `p_pic4` varchar(80) DEFAULT NULL,
  `p_pic5` varchar(80) DEFAULT NULL,
  `p_color` varchar(5) DEFAULT NULL,
  `p_tupical` varchar(10) DEFAULT NULL,
  `p_price` int(11) DEFAULT NULL,
  `p_num` int(11) DEFAULT NULL,
  `p_discount` int(11) DEFAULT NULL,
  PRIMARY KEY (`p_id`),
  KEY `FK_Reference_6` (`id_id`),
  CONSTRAINT `FK_Reference_6` FOREIGN KEY (`id_id`) REFERENCES `index_detail` (`id_id`)
) ENGINE=InnoDB AUTO_INCREMENT=238 DEFAULT CHARSET=utf8;

-- ----------------------------
-- Records of products_info
-- ----------------------------
INSERT INTO `products_info` VALUES ('8', '经典四叶草耳坠', '幸运四叶草，夏日百搭之选', '28', '20180710214215', '<p><img alt=\"\" src=\"/wxshopping/userfiles/images/9e094b5a07624152ac70e4a06a0e844c.png\" style=\"height:784px; width:750px\" /></p>\r\n', '0', '/wxshopping/userfiles/images/7d226bfd347f23c5beb2fb40e89f930f.png', '/wxshopping/userfiles/images/e7630dff724f38d27685544cb847c687.jpg', '/wxshopping/userfiles/images/5856081434d49b3661161cfe780a8684.jpg', '/wxshopping/userfiles/images/5b6391681c08ead775a6fcb79db5cdff.jpg', '/wxshopping/userfiles/images/2ab4a26d6b712fa68eef27177fdabb72.jpg', null, null, '279', '100', '20');
INSERT INTO `products_info` VALUES ('9', '经典四叶草项链', '四叶草设计，百搭经典', '28', '20180710214814', '<p><img alt=\"\" src=\"/wxshopping/userfiles/images/b01fe98ba49a7104522a9fd9b50b1d52.png\" style=\"height:1149px; width:741px\" /></p>\r\n', '0', '/wxshopping/userfiles/images/26aafde3db8c84fb40f589bf50dbe216.png', '/wxshopping/userfiles/images/ddb1720894572d4e775c1930b2f84eac.jpg', '/wxshopping/userfiles/images/2264d636acbf2df8ebb8433b91872e51.jpg', '/wxshopping/userfiles/images/128434809afe170f0f4565c83e6b93e3.jpg', '/wxshopping/userfiles/images/68c3194a083ff29b272f4c2f3728b6f7.jpg', null, null, '289', '50', '30');
INSERT INTO `products_info` VALUES ('10', '18K金黑珍珠项链 尊享版', 'NGTC权威全检，尊享黑珠礼遇', '28', '20180710215339', '<p><img alt=\"\" src=\"/wxshopping/userfiles/images/0d86c2521f4b454575e047ee0419a319.jpg\" style=\"height:430px; width:430px\" /></p>\r\n', '0', '/wxshopping/userfiles/images/1bb4285da61e9446ad9fb13d7bc5caf3.png', '/wxshopping/userfiles/images/eb2bb67d6dbb80aff8bb4dd7efa0fb26.jpg', '/wxshopping/userfiles/images/5fff6739accd1d6260642288127b27df.jpg', '/wxshopping/userfiles/images/2d2c752c277c0afc4a1dce58bde22b04.jpg', '/wxshopping/userfiles/images/0d86c2521f4b454575e047ee0419a319.jpg', null, null, '1999', '88', '52');
INSERT INTO `products_info` VALUES ('11', 'Star Wish星座项链', '璀璨星系，贴心呵护重要的人', '28', '20180712233016', '<p><img alt=\"\" src=\"/wxshopping/userfiles/images/c704e6e48caff74d8866d0a9664be806.jpg\" style=\"height:430px; width:430px\" /></p>\r\n', '0', '/wxshopping/userfiles/images/f856936d9421555333157a8309e6bc22.jpg', '/wxshopping/userfiles/images/c704e6e48caff74d8866d0a9664be806.jpg', '/wxshopping/userfiles/images/2ac9c489e2cdcd665d03d26870bb7179.jpg', '/wxshopping/userfiles/images/034e71eb64b256a1339b371c4110f594.jpg', '/wxshopping/userfiles/images/75e3f1f77a9ec59cff11cb15c92748a0.png', null, null, '199', '100', '43');
INSERT INTO `products_info` VALUES ('12', 'Star Wish星座耳饰', '神秘星座，倾听你的心愿', '28', '20180712233221', '<p><img alt=\"\" src=\"/wxshopping/userfiles/images/0f1f6f213d1461473ee0e51c2aa555e9.jpg\" style=\"height:430px; width:430px\" /></p>\r\n', '0', '/wxshopping/userfiles/images/433daa2353c5220aacb0e9f32b1a8654.png', '/wxshopping/userfiles/images/7231ae7b7301133828a10b2118c72198.jpg', '/wxshopping/userfiles/images/c9197b542720c9607baf27202239ca58.jpg', '/wxshopping/userfiles/images/0f1f6f213d1461473ee0e51c2aa555e9.jpg', '/wxshopping/userfiles/images/283e432c8eb77a4d8792ac6978274574.jpg', null, null, '139', '100', '42');
INSERT INTO `products_info` VALUES ('13', '18K金黑珍珠耳钉 尊享版', '18K金与大溪地黑珍珠完美搭配', '28', '20180712233418', '<p><img alt=\"\" src=\"/wxshopping/userfiles/images/39fe1e8114f0d2842d37b0c35c7253f4.jpg\" style=\"height:430px; width:430px\" /></p>\r\n', '0', '/wxshopping/userfiles/images/19004997ebcfa4ce068535e10427e259.png', '/wxshopping/userfiles/images/4cf573073f066eb22723f8216d4632ca.jpg', '/wxshopping/userfiles/images/17bdee320277cf90c0df3d62315f5657.jpg', '/wxshopping/userfiles/images/39fe1e8114f0d2842d37b0c35c7253f4.jpg', '/wxshopping/userfiles/images/f07af41619b7738518f374ed741f591f.jpg', null, null, '2399', '120', '65');
INSERT INTO `products_info` VALUES ('14', '18K金黑珍珠手链 尊享版', '正圆大溪地黑珍珠，一珠一证品质保证', '28', '20180712233944', '<p><img alt=\"\" src=\"/wxshopping/userfiles/images/f4b2b08a52d36680a2be018dc132721f.jpg\" style=\"height:430px; width:430px\" /></p>\r\n', '0', '/wxshopping/userfiles/images/8d65cbdf8d4c4351f218a1846f60a7c5.png', '/wxshopping/userfiles/images/eb1c54ab8b34f5365513283d4c9e32fb.jpg', '/wxshopping/userfiles/images/f4b2b08a52d36680a2be018dc132721f.jpg', '/wxshopping/userfiles/images/8f53f247f31de69f04323780cd4278ba.jpg', '/wxshopping/userfiles/images/25521898bdcc359fc97eec50898998f1.jpg', null, null, '1999', '888', '12');
INSERT INTO `products_info` VALUES ('15', 'Balance直线系列 项链', '16颗相连的闪光点缀', '28', '20180712234155', '<p><img alt=\"\" src=\"/wxshopping/userfiles/images/372d7dc4154072b844a55cdd04ab916b.jpg\" style=\"height:430px; width:430px\" /></p>\r\n', '0', '/wxshopping/userfiles/images/4d06abe492089f4381973de78edd624e.png', '/wxshopping/userfiles/images/ee3dcb7b697feb0a305ea82a1f043d50.jpg', '/wxshopping/userfiles/images/1f988a61c5589876b4941d86a6bfd83f.jpg', '/wxshopping/userfiles/images/372d7dc4154072b844a55cdd04ab916b.jpg', '/wxshopping/userfiles/images/dbd7abc11b7736eb4e6209fa37d72eec.jpg', null, null, '159', '100', '52');
INSERT INTO `products_info` VALUES ('16', 'Balance直线系列 耳坠', '57切面锆石，坠落耳边的璀璨', '28', '20180712234400', '<p><img alt=\"\" src=\"/wxshopping/userfiles/images/146f7fd52362c57522f9623e06578c29.jpg\" style=\"height:430px; width:430px\" /></p>\r\n', '0', '/wxshopping/userfiles/images/d1dbf2ac11b2625237087a9abf88d19c.png', '/wxshopping/userfiles/images/b023092cd5ab249a6ca7d09d8f7b3ddc.jpg', '/wxshopping/userfiles/images/0f29aba4b962142ba8d8b4686e80e555.jpg', '/wxshopping/userfiles/images/146f7fd52362c57522f9623e06578c29.jpg', '/wxshopping/userfiles/images/6c62ae61150d7c096cc4579dfda801b5.jpg', null, null, '129', '80', '36');
INSERT INTO `products_info` VALUES ('17', '童趣儿童手链', '手工绘画，照亮奇幻世界', '28', '20180712234602', '<p><img alt=\"\" src=\"/wxshopping/userfiles/images/580fad2d72a7767b98c61c8e4e39ac2f.jpg\" style=\"height:430px; width:430px\" /></p>\r\n', '0', '/wxshopping/userfiles/images/f48408b974a5375afc93c2685cbe95fc.png', '/wxshopping/userfiles/images/4f8110a90670cb35ae40edc952a83a81.jpg', '/wxshopping/userfiles/images/580fad2d72a7767b98c61c8e4e39ac2f.jpg', '/wxshopping/userfiles/images/728f92ce04aa67c52622c77ee164d621.jpg', '/wxshopping/userfiles/images/74a545197abc9d1ad4f7043c5f1ed020.jpg', null, null, '159', '100', '42');
INSERT INTO `products_info` VALUES ('18', 'Together闺蜜项链', '61颗群镶工艺造就，致闺蜜情谊', '28', '20180712234814', '<p><img alt=\"\" src=\"/wxshopping/userfiles/images/415508f5f8de874452ddfd886878dd3f.jpg\" style=\"height:430px; width:430px\" /></p>\r\n', '0', '/wxshopping/userfiles/images/262c186228ef73d9c366d22adbf12d5f.png', '/wxshopping/userfiles/images/415508f5f8de874452ddfd886878dd3f.jpg', '/wxshopping/userfiles/images/f473baa08eecdd00434f598517733639.jpg', '/wxshopping/userfiles/images/67b5e1eb50f572ba145c114acd3c1e5e.jpg', '/wxshopping/userfiles/images/7eac5fc8d1f373c2da5c4b93cf284d60.jpg', null, null, '229', '100', '25');
INSERT INTO `products_info` VALUES ('19', 'Together闺蜜手链', '157颗璀璨手工镶嵌，致闺蜜友谊', '28', '20180712235020', '<p><img alt=\"\" src=\"/wxshopping/userfiles/images/5d29ad6c6c415d4ac385c6a66925711d.jpg\" style=\"height:430px; width:430px\" /></p>\r\n', '0', '/wxshopping/userfiles/images/d80c5db84ac29cb6d3e3673667bef94a.png', '/wxshopping/userfiles/images/5d29ad6c6c415d4ac385c6a66925711d.jpg', '/wxshopping/userfiles/images/cfae0ea5d8173b9c37e9e6f23faa6d25.jpg', '/wxshopping/userfiles/images/78e095c4a01c53e205d21a47fee96c57.jpg', '/wxshopping/userfiles/images/9596c15cbc00896c044109087c749d44.jpg', null, null, '229', '100', '85');
INSERT INTO `products_info` VALUES ('20', 'Together闺蜜耳饰', '88颗璀璨手工镶嵌，致闺蜜情谊', '28', '20180712235224', '<p><img alt=\"\" src=\"/wxshopping/userfiles/images/a4843fcd5157a6ccc2e147b3a987cc8a.jpg\" style=\"height:430px; width:430px\" /></p>\r\n\r\n<p>&nbsp;</p>\r\n', '0', '/wxshopping/userfiles/images/6eb9e7138e49e36d3018f3dd134d5dd4.png', '/wxshopping/userfiles/images/a4843fcd5157a6ccc2e147b3a987cc8a.jpg', '/wxshopping/userfiles/images/d55378a03659aab695a5907fa9c6d346.jpg', '/wxshopping/userfiles/images/3f32ac32d9928e74ae00d8c7795e0a70.jpg', '/wxshopping/userfiles/images/521cac68406a8f8baa9bc7305ae5e126.jpg', null, null, '159', '99', '12');
INSERT INTO `products_info` VALUES ('21', '日本AKOYA海水珍珠项链 18K金', '真珠综合研究所认证，日本顶级花珠', '28', '20180712235435', '<p><img alt=\"\" src=\"/wxshopping/userfiles/images/210ceccd80775c604d44e2e38650b786.jpg\" style=\"height:430px; width:430px\" /></p>\r\n', '0', '/wxshopping/userfiles/images/e3417663df753709d7372fedd77d20ef.png', '/wxshopping/userfiles/images/210ceccd80775c604d44e2e38650b786.jpg', '/wxshopping/userfiles/images/98ca542e5fb281b4856f5edc56488edf.jpg', '/wxshopping/userfiles/images/fdf8f3013659546903eaaecf6d9d9b85.jpg', '/wxshopping/userfiles/images/56232d7f91e46f5daafd1b0d9414ce28.jpg', null, null, '999', '99', '63');
INSERT INTO `products_info` VALUES ('22', '璀璨灵动 项链', '57切面锆石，闪烁芯动专利', '28', '20180713000012', '<p><img alt=\"\" src=\"/wxshopping/userfiles/images/2a2726fa9b80f4627c8757cb4732912a.jpg\" style=\"height:430px; width:430px\" /></p>\r\n', '0', '/wxshopping/userfiles/images/f79bb09371a8a887d77156a75c140154.png', '/wxshopping/userfiles/images/2a2726fa9b80f4627c8757cb4732912a.jpg', '/wxshopping/userfiles/images/adffbfac934261d9bfa9dd0bba559cc4.jpg', '/wxshopping/userfiles/images/8009d1ca57aa033dc0d3a5b695f6965f.jpg', '/wxshopping/userfiles/images/fbe7453e35deed6752acbb75cdf9cd0d.jpg', null, null, '177', '99', '25');
INSERT INTO `products_info` VALUES ('23', '璀璨灵动 耳坠', '57切面锆石，璀璨“芯”动', '28', '20180713000210', '<p><img alt=\"\" src=\"/wxshopping/userfiles/images/7d79d35fad026e4309dd37dbad1a1f4e.jpg\" style=\"height:430px; width:430px\" /></p>\r\n', '0', '/wxshopping/userfiles/images/f0f49b87cca5f1891d3c31627b8e1ded.png', '/wxshopping/userfiles/images/1aa894b25397f9f63d04a27d118a2aa3.jpg', '/wxshopping/userfiles/images/7d79d35fad026e4309dd37dbad1a1f4e.jpg', '/wxshopping/userfiles/images/1f40c6715be69c5838de48d5235b2e3b.jpg', '/wxshopping/userfiles/images/e8323fec8070d7df8fd2c87deab8bcf0.jpg', null, null, '229', '99', '75');
INSERT INTO `products_info` VALUES ('24', '璀璨灵动 手镯', '57切面锆石，闪烁芯动专利', '28', '20180713000357', '<p><img alt=\"\" src=\"/wxshopping/userfiles/images/0a6fc806d6715f8fd32716281540711e.jpg\" style=\"height:430px; width:430px\" /></p>\r\n', '0', '/wxshopping/userfiles/images/42c0db9d2685823acaa7702db567635d.png', '/wxshopping/userfiles/images/0a6fc806d6715f8fd32716281540711e.jpg', '/wxshopping/userfiles/images/2b2df035ecd9dd6b69c815a6cc6fafb2.jpg', '/wxshopping/userfiles/images/f0a19119b1e0ac3378ed85d309f4896e.jpg', '/wxshopping/userfiles/images/7a4f3f1c479998c6556b5d92d3870b29.jpg', null, null, '259', '99', '42');
INSERT INTO `products_info` VALUES ('25', '颐和园 联名款 元宝耳钉', '鸿运当头，招财进宝', '28', '20180713000629', '<p><img alt=\"\" src=\"/wxshopping/userfiles/images/11c5d78deb777d091acbe64444245b53.jpg\" style=\"height:430px; width:430px\" /></p>\r\n', '0', '/wxshopping/userfiles/images/a4f7db4589bb7de98b98260c133ff3ce.png', '/wxshopping/userfiles/images/e087328ae49a7079f95d5fdadc72d308.jpg', '/wxshopping/userfiles/images/81b241ac77eea396da4e993f4d0f9c37.jpg', '/wxshopping/userfiles/images/11c5d78deb777d091acbe64444245b53.jpg', '/wxshopping/userfiles/images/3f5259741193afd010ac555b72a8bcb7.jpg', null, null, '259', '99', '85');
INSERT INTO `products_info` VALUES ('26', 'Jolly Doggie 银项链', '优质选材 品牌制造商工艺', '28', '20180713000821', '<p><img alt=\"\" src=\"/wxshopping/userfiles/images/e7cb42e95dc7da17e987565a65878829.jpg\" style=\"height:430px; width:430px\" /></p>\r\n', '0', '/wxshopping/userfiles/images/41602fef75ae9853d5040bb3f68c1ba9.png', '/wxshopping/userfiles/images/e7cb42e95dc7da17e987565a65878829.jpg', '/wxshopping/userfiles/images/5ac5b50f8fa3f735b13b6b7d54de64b0.jpg', '/wxshopping/userfiles/images/25345c5cd357c20e3ea69df52497218b.jpg', '/wxshopping/userfiles/images/528721f103d227c077a95cf6c57162d6.jpg', null, null, '149', '99', '75');
INSERT INTO `products_info` VALUES ('27', '自然棉麻四件套', '透气吸汗麻+亲肤柔软棉', '9', '20180713100919', '<p><img alt=\"\" src=\"/wxshopping/userfiles/images/b797b809d72d6ea963f8106cf852ddb5.jpg\" style=\"height:430px; width:430px\" /></p>\r\n', '0', '/wxshopping/userfiles/images/b797b809d72d6ea963f8106cf852ddb5.jpg', '/wxshopping/userfiles/images/ad9432b7b9a980b0c566159345957672.jpg', '/wxshopping/userfiles/images/488310fb5cf19c5f95b8b29582623d21.jpg', '/wxshopping/userfiles/images/530c2b239d39cf77a10e521af98f9a5e.jpg', '/wxshopping/userfiles/images/d94c1df5b4cabe9a07fc2c35397a09fb.jpg', null, null, '599', '99', '42');
INSERT INTO `products_info` VALUES ('28', '小面包双面双温感坐垫', '清凉度夏，双面双温随心选', '9', '20180713101039', '<p><img alt=\"\" src=\"/wxshopping/userfiles/images/6ece85a5a8a70d4cc66920eaf46f70d0.jpg\" style=\"height:430px; width:430px\" /></p>\r\n', '0', '/wxshopping/userfiles/images/fe6744b86a9c0d9628e39259cb99376f.png', '/wxshopping/userfiles/images/2ec027c32112536d55e03980cdc8dbf8.jpg', '/wxshopping/userfiles/images/c8090574764f91a205d3de32189141e4.jpg', '/wxshopping/userfiles/images/73ce2f60fe047ac686fd162c5416dbbc.jpg', '/wxshopping/userfiles/images/6ece85a5a8a70d4cc66920eaf46f70d0.jpg', null, null, '29', '99', '25');
INSERT INTO `products_info` VALUES ('29', '新色 奢华植鞣头层水牛皮席三件套', '三峡水牛头层皮，高端夏凉必备', '9', '20180713101154', '<p><img alt=\"\" src=\"/wxshopping/userfiles/images/78e9131e6fabe805288055cf96ccc224.jpg\" style=\"height:430px; width:430px\" /></p>\r\n', '0', '/wxshopping/userfiles/images/89d86a4e463115e366daf841b9bcff46.png', '/wxshopping/userfiles/images/78e9131e6fabe805288055cf96ccc224.jpg', '/wxshopping/userfiles/images/fce359dca55c04b5413bf5ba1cd9f070.jpg', '/wxshopping/userfiles/images/9e6fef6216d848cad3bddd93d803d62d.jpg', '/wxshopping/userfiles/images/94d1ae8f2bc41e4c5cedecfc58203d3a.jpg', null, null, '2499', '99', '102');
INSERT INTO `products_info` VALUES ('30', '平滑密编清凉仿藤席', '凉而不冰，老幼体寒者夏日必备', '9', '20180713101507', '<p><img alt=\"\" src=\"/wxshopping/userfiles/images/2c99eadc9168c6ac1f96962974421024.jpg\" style=\"height:430px; width:430px\" /></p>\r\n', '0', '/wxshopping/userfiles/images/45cf38982c97fa7dc0e32cc1821bd825.png', '/wxshopping/userfiles/images/2c99eadc9168c6ac1f96962974421024.jpg', '/wxshopping/userfiles/images/3121236d4911cdcc2d80e3b5101f6a86.jpg', '/wxshopping/userfiles/images/545263acb9f3784c4fe8335f9332eeac.jpg', '/wxshopping/userfiles/images/5a78f3341d034ea79ed8819f5c2b8f97.jpg', null, null, '299', '99', '20');
INSERT INTO `products_info` VALUES ('31', '酒店风奢密四件套', '埃及长绒棉，享5星奢眠', '10', '20180713101651', '<p><img alt=\"\" src=\"/wxshopping/userfiles/images/069aefe5b5cf663f182d1b2f69b2238a.jpg\" style=\"height:430px; width:430px\" /></p>\r\n', '0', '/wxshopping/userfiles/images/069aefe5b5cf663f182d1b2f69b2238a.jpg', '/wxshopping/userfiles/images/3f3aa1269f13bed9c650d875e8033471.jpg', '/wxshopping/userfiles/images/ed97984aea531722ad3373edd5b63bf5.jpg', '/wxshopping/userfiles/images/6cb5090d9b70878dc812380366dce883.jpg', '/wxshopping/userfiles/images/8c8f9b5275aa68237e6790a9d54ea4c5.jpg', null, null, '659', '99', '41');
INSERT INTO `products_info` VALUES ('32', '花漾初绽四件套', '独家花漾设计，纯棉透气亲肤', '10', '20180713101818', '<p><img alt=\"\" src=\"/wxshopping/userfiles/images/aef1dfa6e25c61c96a8fcaa24e756b83.jpg\" style=\"height:430px; width:430px\" /></p>\r\n', '0', '/wxshopping/userfiles/images/0260e7764f00606950ee0933ceadc84e.jpg', '/wxshopping/userfiles/images/41bf0751457a405e1137f01d66d7f843.jpg', '/wxshopping/userfiles/images/e6d195c3ed656777e0e34c142a496c88.jpg', '/wxshopping/userfiles/images/574dafc21b52e225d80bd660dc4f8b99.jpg', '/wxshopping/userfiles/images/aef1dfa6e25c61c96a8fcaa24e756b83.jpg', null, null, '299', '99', '25');
INSERT INTO `products_info` VALUES ('33', '唤自然·迷雾雨林四件套', '甄选新疆棉，贡缎细密', '10', '20180713101935', '<p><img alt=\"\" src=\"/wxshopping/userfiles/images/e3b23c36a09710ffd08e4cdaaea09e22.png\" style=\"height:430px; width:430px\" /></p>\r\n', '0', '/wxshopping/userfiles/images/e3b23c36a09710ffd08e4cdaaea09e22.png', '/wxshopping/userfiles/images/71bb8ce1009d0c88bcd8324b62421ee6.jpg', '/wxshopping/userfiles/images/74af06ce19b7c1bee2a57b28eecb456a.jpg', '/wxshopping/userfiles/images/231f2bf7fe6248772b30e504c0e1afc2.jpg', '/wxshopping/userfiles/images/31a4712f60b6d83723908ce7f9ff54c2.jpg', null, null, '399', '99', '52');
INSERT INTO `products_info` VALUES ('34', '唤自然·仲夏椰香四件套', '100%全棉，椰林自然设计', '10', '20180713102101', '<p><img alt=\"\" src=\"/wxshopping/userfiles/images/56e81d6bb0e3710b9fcfda4f909e899d.jpg\" style=\"height:430px; width:430px\" /></p>\r\n', '0', '/wxshopping/userfiles/images/56e81d6bb0e3710b9fcfda4f909e899d.jpg', '/wxshopping/userfiles/images/63d197d60c1002e539b21cf68ff2e864.jpg', '/wxshopping/userfiles/images/ab9362214b2e4c8ac84917126f5f833d.jpg', '/wxshopping/userfiles/images/d477eb34aca005eb777cb8731e71568b.jpg', '/wxshopping/userfiles/images/81dea309d06a735cb789410607d49f96.jpg', null, null, '299', '99', '10');
INSERT INTO `products_info` VALUES ('35', '趣味萌宠定制款四件套', '狗年定制款，高支高密棉', '10', '20180713102232', '<p><img alt=\"\" src=\"/wxshopping/userfiles/images/a1f0c5ca057c0b0a927ddad6bf414541.jpg\" style=\"height:430px; width:430px\" /></p>\r\n', '0', '/wxshopping/userfiles/images/a1f0c5ca057c0b0a927ddad6bf414541.jpg', '/wxshopping/userfiles/images/549e11872dbda892b15d7b6a0b1c067b.jpg', '/wxshopping/userfiles/images/2e55e7153a27c0ea6bcfe75d5233d9ca.jpg', '/wxshopping/userfiles/images/9a22d44fe4624a4faeec9d75670287b4.jpg', '/wxshopping/userfiles/images/3fdd942f3301f8e24b9bac118ecee26e.jpg', null, null, '359', '99', '42');
INSERT INTO `products_info` VALUES ('36', '升级款可水洗舒柔羽丝绒枕', '柔软舒适，深度睡眠', '11', '20180713102358', '<p><img alt=\"\" src=\"/wxshopping/userfiles/images/9f04d210dd84cd2d1e329dad0a66a087.jpg\" style=\"height:430px; width:430px\" /></p>\r\n', '0', '/wxshopping/userfiles/images/62383e6a557b617b40ae2b49d0483c88.png', '/wxshopping/userfiles/images/6de8e6a30dcab8059e6d612cc7955157.jpg', '/wxshopping/userfiles/images/9f04d210dd84cd2d1e329dad0a66a087.jpg', '/wxshopping/userfiles/images/50360c290e2a86bf6cdfd99e27d0791c.jpg', '/wxshopping/userfiles/images/de3871a4314273f2439dc927794ced03.jpg', null, null, '59', '99', '25');
INSERT INTO `products_info` VALUES ('37', '可水洗防螨防花粉羽丝绒枕', '进口防螨布，热销50万件', '11', '20180713102522', '<p><img alt=\"\" src=\"/wxshopping/userfiles/images/b8b0ee9261d1d2441efbbec9c2580d74.jpg\" style=\"height:430px; width:430px\" /></p>\r\n', '0', '/wxshopping/userfiles/images/3b7a448ea9a148b76e399b699d78f6c5.png', '/wxshopping/userfiles/images/9ce644e51f4ab2fff8549e7096c943ef.jpg', '/wxshopping/userfiles/images/b8b0ee9261d1d2441efbbec9c2580d74.jpg', '/wxshopping/userfiles/images/2d6a39027bfa6f2893a3c272d8fdaf1f.jpg', '/wxshopping/userfiles/images/78753490e8fb62dde5c3da76a8326376.jpg', null, null, '99', '99', '12');
INSERT INTO `products_info` VALUES ('38', '圆形护颈苦荞麦枕', '高山苦荞，多用护腰颈', '11', '20180713102641', '<p><img alt=\"\" src=\"/wxshopping/userfiles/images/babfe5bcc01900db4223e69137cdd3fb.jpg\" style=\"height:430px; width:430px\" /></p>\r\n', '0', '/wxshopping/userfiles/images/73f87b3a45cc44de496fb84035d01a8d.png', '/wxshopping/userfiles/images/babfe5bcc01900db4223e69137cdd3fb.jpg', '/wxshopping/userfiles/images/96a10f6cb6390694d812c6277ef34aea.jpg', '/wxshopping/userfiles/images/4649dc16b2a8d1163d4c3e254d2fae64.jpg', '/wxshopping/userfiles/images/ac659a937e555bf24a67603ef81a62fd.jpg', null, null, '69', '99', '45');
INSERT INTO `products_info` VALUES ('39', '升级款怡眠高山苦荞枕', '高山苦荞分区承托，草本怡人', '11', '20180713102859', '<p><img alt=\"\" src=\"/wxshopping/userfiles/images/93ab7ff30662d473a8c04983c715bc1a.jpg\" style=\"height:430px; width:430px\" /></p>\r\n', '0', '/wxshopping/userfiles/images/5d9c6b898e31de4ceefbda4275d35786.png', '/wxshopping/userfiles/images/6296530b5d6af5631cb8729330c0f1f6.jpg', '/wxshopping/userfiles/images/93ab7ff30662d473a8c04983c715bc1a.jpg', '/wxshopping/userfiles/images/e7c73e85ba4d70fb0305d075114bff87.jpg', '/wxshopping/userfiles/images/25665ae0f1e40f6b525cc77dfc96ddbc.jpg', null, null, '109', '99', '53');
INSERT INTO `products_info` VALUES ('40', '站立办公电动升降桌', '众筹爆品上线 健康办公学习', '12', '20180713103050', '<p><img alt=\"\" src=\"/wxshopping/userfiles/images/50d9e052fed9f76cd038a75b4e05bb0f.jpg\" style=\"height:430px; width:430px\" /></p>\r\n', '0', '/wxshopping/userfiles/images/8a13ab6bc2d2f0a627439dab7e98a401.png', '/wxshopping/userfiles/images/3a4bdde8654cc5837defe4aef9fb5e5b.jpg', '/wxshopping/userfiles/images/50d9e052fed9f76cd038a75b4e05bb0f.jpg', '/wxshopping/userfiles/images/56b39d7519581834a7ebf33bc5313bbb.jpg', '/wxshopping/userfiles/images/fae0cd222f83e35e05a678b34a73f7b5.jpg', null, null, '2611', '99', '64');
INSERT INTO `products_info` VALUES ('41', '轻便午睡折叠床', '超高性价比不变价款', '12', '20180713103218', '<p><img alt=\"\" src=\"/wxshopping/userfiles/images/74f52e4711fc1e28e4a059f6f681a9a8.jpg\" style=\"height:430px; width:430px\" /></p>\r\n', '0', '/wxshopping/userfiles/images/1587b609600a8c80c7601f2c801d9a39.png', '/wxshopping/userfiles/images/74f52e4711fc1e28e4a059f6f681a9a8.jpg', '/wxshopping/userfiles/images/04df910cb698e46c36d65e6c182d4b21.jpg', '/wxshopping/userfiles/images/1f504b2cc4bc700ad7052b07cd47ca33.jpg', '/wxshopping/userfiles/images/b0cb1e107b2c7bb7cb408d6ac66ecb49.jpg', null, null, '299', '99', '42');
INSERT INTO `products_info` VALUES ('42', '多功能私享按摩椅', '选款师力荐 专属私人按摩师', '12', '20180713103413', '<p><img alt=\"\" src=\"/wxshopping/userfiles/images/6c2e4b5ca8194ec149f9e6aabb1d5c60.jpg\" style=\"height:430px; width:430px\" /></p>\r\n', '0', '/wxshopping/userfiles/images/cbd137c383bef53a3f39ba7558ef872b.png', '/wxshopping/userfiles/images/ccdc194e24b6c0a758a892e237b026e1.jpg', '/wxshopping/userfiles/images/6c2e4b5ca8194ec149f9e6aabb1d5c60.jpg', '/wxshopping/userfiles/images/f4e96c4b65516bd0e0214a4184d9b230.jpg', '/wxshopping/userfiles/images/6d69044ad00481b213f1496fcc9f0e11.jpg', null, null, '1999', '99', '24');
INSERT INTO `products_info` VALUES ('43', '自由躺 真皮电动功能沙发', '一键自由躺 选款师力荐', '12', '20180713103533', '<p><img alt=\"\" src=\"/wxshopping/userfiles/images/a8408e293d20d3cc966a5dce6b5591ff.jpg\" style=\"height:430px; width:430px\" /></p>\r\n', '0', '/wxshopping/userfiles/images/c1a9067017d6047cc11026edb5b7d9a8.png', '/wxshopping/userfiles/images/0fd0291f77d607e4433b6a815db1bddf.jpg', '/wxshopping/userfiles/images/a8408e293d20d3cc966a5dce6b5591ff.jpg', '/wxshopping/userfiles/images/d27284f5d412b9b85d8542ad9397a5f7.jpg', '/wxshopping/userfiles/images/37f520ae68731403133001f5f81c7b1d.jpg', null, null, '2499', '99', '25');
INSERT INTO `products_info` VALUES ('44', '几何三角灯', '三角元素，创意点亮光源', '13', '20180713103656', '<p><img alt=\"\" src=\"/wxshopping/userfiles/images/1ac2b45cf0e39961436c93bf8d901424.jpg\" style=\"height:430px; width:430px\" /></p>\r\n', '0', '/wxshopping/userfiles/images/b3d7949226efa898497931d7d5a5bc3f.png', '/wxshopping/userfiles/images/1ac2b45cf0e39961436c93bf8d901424.jpg', '/wxshopping/userfiles/images/925254a217ac5b73969644a65dbff9d4.jpg', '/wxshopping/userfiles/images/6f7536ec0a6ed4a320bcdecb4c7b8e06.jpg', '/wxshopping/userfiles/images/275227ea67155b6f723d018513c84e09.jpg', null, null, '99', '99', '45');
INSERT INTO `products_info` VALUES ('45', '人体感应磁吸小夜灯', '人体红外自动感应,磁吸挂贴', '13', '20180713103817', '<p><img alt=\"\" src=\"/wxshopping/userfiles/images/001f789239b28a8fc06d6ebff6355aba.jpg\" style=\"height:430px; width:430px\" /></p>\r\n', '0', '/wxshopping/userfiles/images/8aabbd92d25347633678ff747f9c3185.png', '/wxshopping/userfiles/images/001f789239b28a8fc06d6ebff6355aba.jpg', '/wxshopping/userfiles/images/e5e0ee6694f2329f4c65da1146bd692f.jpg', '/wxshopping/userfiles/images/6de0e4d5cbb5a81cfa0e3f55c69b1240.jpg', '/wxshopping/userfiles/images/468b862c545a46937874e761804453f9.jpg', null, null, '59', '99', '45');
INSERT INTO `products_info` VALUES ('46', '拍拍蛋定时小夜灯', '一拍即亮，两档定时', '13', '20180713104113', '<p><img alt=\"\" src=\"/wxshopping/userfiles/images/62fae33e6cd0950b86d0e46a08156dbe.jpg\" style=\"height:430px; width:430px\" /></p>\r\n', '0', '/wxshopping/userfiles/images/0a9a7b1b6417314ef8e2b86ca880d323.png', '/wxshopping/userfiles/images/62fae33e6cd0950b86d0e46a08156dbe.jpg', '/wxshopping/userfiles/images/de008f84fa280014132ab0b233fe5d13.jpg', '/wxshopping/userfiles/images/8261be9a70b5889b93f7a671b340df0e.jpg', '/wxshopping/userfiles/images/f570e3c8fb65f94a60fdb4f24385c0ce.jpg', null, null, '99', '99', '35');
INSERT INTO `products_info` VALUES ('47', '晾晒架', '铺展晾晒，多层可折叠', '14', '20180713104253', '<p><img alt=\"\" src=\"/wxshopping/userfiles/images/4bec10d2ffe51cc8233de50f17eb82d2.jpg\" style=\"height:430px; width:430px\" /></p>\r\n', '0', '/wxshopping/userfiles/images/60be6d369a89bc2dfd2246333f3c8e1f.png', '/wxshopping/userfiles/images/4bec10d2ffe51cc8233de50f17eb82d2.jpg', '/wxshopping/userfiles/images/d0aeee4228f180c2abe481ba3b65da44.jpg', '/wxshopping/userfiles/images/a5608a5f39a5faae6f9fcea267440e9a.jpg', '/wxshopping/userfiles/images/4bfee5fa41a76b695b40683642fba54d.jpg', null, null, '249', '99', '36');
INSERT INTO `products_info` VALUES ('48', '条纹布艺收纳盒', '三种规格，收纳杂物', '14', '20180713104412', '<p><img alt=\"\" src=\"/wxshopping/userfiles/images/bd2cbc76dfb82b9e6ca10edba4d52896.jpg\" style=\"height:430px; width:430px\" /></p>\r\n', '0', '/wxshopping/userfiles/images/14643f2ecaa8c07f905d86ed3b29d4fc.png', '/wxshopping/userfiles/images/bd2cbc76dfb82b9e6ca10edba4d52896.jpg', '/wxshopping/userfiles/images/d5ef603712770a955fca218a7f50ebaa.jpg', '/wxshopping/userfiles/images/11facf4b1d8dbd66cfc77efe706b61c3.jpg', '/wxshopping/userfiles/images/4d500a709e8e7dd86d3d90163c7cf8e7.jpg', null, null, '39', '99', '53');
INSERT INTO `products_info` VALUES ('49', '条纹布艺棉被收纳袋', '棉被收纳，干净防尘', '14', '20180713104524', '<p><img alt=\"\" src=\"/wxshopping/userfiles/images/49edd70e649336d9cd3ad6c4e5e9eb72.jpg\" style=\"height:430px; width:430px\" /></p>\r\n', '0', '/wxshopping/userfiles/images/5bfa092dd01af857366b8c975c779e4d.png', '/wxshopping/userfiles/images/49edd70e649336d9cd3ad6c4e5e9eb72.jpg', '/wxshopping/userfiles/images/fb3f5845a99590170cd8c0e1843d0ce8.jpg', '/wxshopping/userfiles/images/55b62ad4e792eb71ba18f7f85ccfd456.jpg', '/wxshopping/userfiles/images/c797d249cbfb95ea3a3d465025fe9075.jpg', null, null, '69', '99', '45');
INSERT INTO `products_info` VALUES ('50', '透明整理箱', '超大容量，收纳物品', '14', '20180713104654', '<p><img alt=\"\" src=\"/wxshopping/userfiles/images/9107b0a61653bc0dfb6f7312b54a14c4.jpg\" style=\"height:430px; width:430px\" /></p>\r\n', '0', '/wxshopping/userfiles/images/750d8e797f6cc04436aaa65d7d36beca.png', '/wxshopping/userfiles/images/4f7d52d1f5622b57e3d9cbbdac268dff.jpg', '/wxshopping/userfiles/images/9107b0a61653bc0dfb6f7312b54a14c4.jpg', '/wxshopping/userfiles/images/85369e77ef6bb2312a02b869b2015a02.jpg', '/wxshopping/userfiles/images/898dbbaf44bef4574a7790507ad99fc3.jpg', null, null, '239', '99', '63');
INSERT INTO `products_info` VALUES ('51', '萌爪防滑静音椅脚套', '立体萌爪，静音防滑防刮碰', '15', '20180713105146', '<p><img alt=\"\" src=\"/wxshopping/userfiles/images/ad205ad7bf99e9d80619e56f123ef3a0.jpg\" style=\"height:430px; width:430px\" /></p>\r\n', '0', '/wxshopping/userfiles/images/0d26ddc8c02053b47f64f0942194f583.png', '/wxshopping/userfiles/images/ad205ad7bf99e9d80619e56f123ef3a0.jpg', '/wxshopping/userfiles/images/d1bb29a6cd2c569e4acec99ba1ef602d.jpg', '/wxshopping/userfiles/images/c5be1f764778a1d4b1d96cac4a65bdf2.jpg', '/wxshopping/userfiles/images/3a78640e28ae910dfef2346b4891a761.jpg', null, null, '10', '99', '43');
INSERT INTO `products_info` VALUES ('52', '都给你·萌宠创意抱枕', '趣味萌宠CP，柔软治愈系', '15', '20180713105305', '<p><img alt=\"\" src=\"/wxshopping/userfiles/images/51f257394a09f5e20e3e2719589e710e.jpg\" style=\"height:430px; width:430px\" /></p>\r\n', '0', '/wxshopping/userfiles/images/c31fce154f2c83b7bac710a24f5c7746.png', '/wxshopping/userfiles/images/8252e895805b8f49c714aac57fb90f6a.jpg', '/wxshopping/userfiles/images/475fdb8e6fa6514f7a181344a56f2a86.jpg', '/wxshopping/userfiles/images/51f257394a09f5e20e3e2719589e710e.jpg', '/wxshopping/userfiles/images/b469e25624713235822e3186b15b9a52.jpg', null, null, '39', '88', '24');
INSERT INTO `products_info` VALUES ('53', '跟我走·萌宠创意抱枕套', '趣味萌宠设计，立体刺绣更生动', '15', '20180713105416', '<p><img alt=\"\" src=\"/wxshopping/userfiles/images/952ef3b51d0f8e62657020ae27df18c8.jpg\" style=\"height:430px; width:430px\" /></p>\r\n', '0', '/wxshopping/userfiles/images/fe4ddb03550a298b61ca83f6097bcb7a.png', '/wxshopping/userfiles/images/7c269189f325c0d1c58a7c9bd3ca6d95.jpg', '/wxshopping/userfiles/images/952ef3b51d0f8e62657020ae27df18c8.jpg', '/wxshopping/userfiles/images/d831bbf710f0038294f71a0d86d53a53.jpg', '/wxshopping/userfiles/images/f9c92b44328a5e93f4b3ca9e48a38934.jpg', null, null, '39', '99', '36');
INSERT INTO `products_info` VALUES ('54', '晚安萌宠大抱枕', '萌宠治愈系，怀抱大温暖', '15', '20180713105605', '<p><img alt=\"\" src=\"/wxshopping/userfiles/images/aeeca3d2e78371d22d2dc5992db2bd6c.jpg\" style=\"height:430px; width:430px\" /></p>\r\n', '0', '/wxshopping/userfiles/images/eccbc4504224266e795e9b8b0a155fb5.png', '/wxshopping/userfiles/images/aeeca3d2e78371d22d2dc5992db2bd6c.jpg', '/wxshopping/userfiles/images/fccaaa834a6f69a9d2357a624a7cba49.jpg', '/wxshopping/userfiles/images/6582c7f14f7851ce418e85b163ea5be1.jpg', '/wxshopping/userfiles/images/8ed53276abc62c5d2207d44f56b02720.jpg', null, null, '79', '99', '25');
INSERT INTO `products_info` VALUES ('55', '莫奈系列 装饰画', '高精微喷，重现莫奈的光影盛宴', '16', '20180713105955', '<p><img alt=\"\" src=\"/wxshopping/userfiles/images/9b487d11242346ae8d385bb054422dd0.jpg\" style=\"height:430px; width:430px\" /></p>\r\n', '0', '/wxshopping/userfiles/images/0234f2b0dbd6bd0a5eddac91f4c909c0.png', '/wxshopping/userfiles/images/808b12359a5592cece2d893c22c9899c.jpg', '/wxshopping/userfiles/images/7ab5ded1d52f645ecaefec7f1ce85236.jpg', '/wxshopping/userfiles/images/3ce2e280c3008dc057695647e0ac8922.jpg', '/wxshopping/userfiles/images/9b487d11242346ae8d385bb054422dd0.jpg', null, null, '188', '99', '45');
INSERT INTO `products_info` VALUES ('56', '北欧风静音拍拍闹钟', '轻拍贪睡五分钟，超静音安享优质睡眠', '16', '20180713110113', '<p><img alt=\"\" src=\"/wxshopping/userfiles/images/f5d303612dee97cf402fb570e853933a.jpg\" style=\"height:430px; width:430px\" /></p>\r\n', '0', '/wxshopping/userfiles/images/613e2bd3b56ec91e1b3a478cb42a1072.png', '/wxshopping/userfiles/images/f5d303612dee97cf402fb570e853933a.jpg', '/wxshopping/userfiles/images/eaa75afc85a0364ed4ce5ba8732cc16c.jpg', '/wxshopping/userfiles/images/52e4bae70dca7935569be9f1a82aff13.jpg', '/wxshopping/userfiles/images/1cb67397aa7e433c0c95e690567ed0f6.jpg', null, null, '69', '99', '36');
INSERT INTO `products_info` VALUES ('57', 'LCD电子钟 升级版', '多种功能，日本进口电子材料', '16', '20180713110336', '<p><img alt=\"\" src=\"/wxshopping/userfiles/images/c66aa9b7709b598153bfdf1864b5a986.jpg\" style=\"height:430px; width:430px\" /></p>\r\n', '0', '/wxshopping/userfiles/images/ccf82ca5058794d1fc27a8db204dec17.png', '/wxshopping/userfiles/images/aa3674bad896459cb8cb17674f610edd.jpg', '/wxshopping/userfiles/images/04076f9e3d978e6a002ce01f335c355d.jpg', '/wxshopping/userfiles/images/a3fe1c3852e08d3e5d1c43d554a95528.jpg', '/wxshopping/userfiles/images/c66aa9b7709b598153bfdf1864b5a986.jpg', null, null, '129', '99', '24');
INSERT INTO `products_info` VALUES ('58', '北欧风极简挂钟', '北欧极简设计，静享精准走时', '16', '20180713110458', '<p><img alt=\"\" src=\"/wxshopping/userfiles/images/49e3d8c579af04eced38fbeda95ba679.jpg\" style=\"height:430px; width:430px\" /></p>\r\n', '0', '/wxshopping/userfiles/images/4e75456ac4b92a13f2871a31a73d0919.png', '/wxshopping/userfiles/images/3bac269047a3d3be0d2899feb7efefd7.jpg', '/wxshopping/userfiles/images/49e3d8c579af04eced38fbeda95ba679.jpg', '/wxshopping/userfiles/images/f4d9679db4c60777b2cc194d0541d050.jpg', '/wxshopping/userfiles/images/c68a050a6119b5ff0d4d85430adaea8a.jpg', null, null, '119', '99', '14');
INSERT INTO `products_info` VALUES ('59', '石墨烯 舒眠真丝眼罩', '恒温发热，舒适放松', '17', '20180713112353', '<p><img alt=\"\" src=\"/wxshopping/userfiles/images/d8d2b7ecbe2486f0ff376246e83bbd1c.jpg\" style=\"height:430px; width:430px\" /></p>\r\n', '0', '/wxshopping/userfiles/images/65a39d5e901e44b9c48e6a4550d1c4b4.png', '/wxshopping/userfiles/images/d8d2b7ecbe2486f0ff376246e83bbd1c.jpg', '/wxshopping/userfiles/images/32bb57fc53ce901192512e603d097f6d.jpg', '/wxshopping/userfiles/images/9202e92c6bb52e1d58d150159d859f39.jpg', '/wxshopping/userfiles/images/865126c8af43f70151e02d2a569751d4.jpg', null, null, '249', '99', '25');
INSERT INTO `products_info` VALUES ('60', '3盒囤货装 蒸汽热敷眼罩 星空物语', '星空璀璨，放松眼部', '17', '20180713112529', '<p><img alt=\"\" src=\"/wxshopping/userfiles/images/cb689a15e51fdbf77cd3a2176e4fd387.jpg\" style=\"height:430px; width:430px\" /></p>\r\n', '0', '/wxshopping/userfiles/images/7c4b6b1211fefbb743459d92029279e7.png', '/wxshopping/userfiles/images/75fbd7c93b287f4894e0054efd579b02.jpg', '/wxshopping/userfiles/images/cb689a15e51fdbf77cd3a2176e4fd387.jpg', '/wxshopping/userfiles/images/f843a38692a01d7bf475cf2319d27d83.jpg', '/wxshopping/userfiles/images/d17abb1d0826a503da281650dbb06c03.jpg', null, null, '129', '99', '36');
INSERT INTO `products_info` VALUES ('61', '4盒囤货装 蒸汽热敷眼罩', '给眼睛25分钟的SPA', '17', '20180713112647', '<p><img alt=\"\" src=\"/wxshopping/userfiles/images/d1c09b32c0b26d28f11644f7027fa2d5.jpg\" style=\"height:430px; width:430px\" /></p>\r\n', '0', '/wxshopping/userfiles/images/389f1ea85e2d4d0c58cc228a1058d9e8.png', '/wxshopping/userfiles/images/d1c09b32c0b26d28f11644f7027fa2d5.jpg', '/wxshopping/userfiles/images/69a723c7e0261ae1b69697f365040683.jpg', '/wxshopping/userfiles/images/580a6a3e88dbd452e29f6359c80e35f1.jpg', '/wxshopping/userfiles/images/b381256e15bd345253422a129a7d848d.jpg', null, null, '159', '99', '54');
INSERT INTO `products_info` VALUES ('62', '全期猫粮 1.8KG', '优质食材，薯类膨化多肉配方', '18', '20180713112941', '<p><img alt=\"\" src=\"/wxshopping/userfiles/images/de64262785f527ed2b3c3b2568ec2883.jpg\" style=\"height:430px; width:430px\" /></p>\r\n', '0', '/wxshopping/userfiles/images/d44d7428570d80cdfbefa8595674445f.png', '/wxshopping/userfiles/images/ed969947825c145c7d8f268effbfcf53.jpg', '/wxshopping/userfiles/images/de64262785f527ed2b3c3b2568ec2883.jpg', '/wxshopping/userfiles/images/a5c229fa470c3b92a0e0edf90e20aa39.jpg', '/wxshopping/userfiles/images/01f09efbead3d7c4e4d2881661eb1afb.jpg', null, null, '88', '99', '25');
INSERT INTO `products_info` VALUES ('63', '全期犬粮 2.0KG', '优质食材，薯类膨化多肉配方', '18', '20180713113151', '<p><img alt=\"\" src=\"/wxshopping/userfiles/images/d4239c94e74f7c2cd7e9eda785437dbb.jpg\" style=\"height:430px; width:430px\" /></p>\r\n', '0', '/wxshopping/userfiles/images/c706b426015fb3642cbcfc8c61589c11.png', '/wxshopping/userfiles/images/351ebbad360f68f54f9ff7811c72bd6e.jpg', '/wxshopping/userfiles/images/d4239c94e74f7c2cd7e9eda785437dbb.jpg', '/wxshopping/userfiles/images/d4239c94e74f7c2cd7e9eda785437dbb.jpg', '/wxshopping/userfiles/images/c5eaa3f5972da16e834d6f59cffeeadc.jpg', null, null, '88', '99', '36');
INSERT INTO `products_info` VALUES ('64', '鲔鱼鲜虾白肉罐头（猫用）', '肉与汤汁的合理配比，添加鲜虾，美味营养', '18', '20180713113309', '<p><img alt=\"\" src=\"/wxshopping/userfiles/images/02ed6cb6f71f05728f448bb1aa80cb02.jpg\" style=\"height:430px; width:430px\" /></p>\r\n', '0', '/wxshopping/userfiles/images/d9f3e3d618f7335a7fb9d77f39c5184d.png', '/wxshopping/userfiles/images/af16c9f1d5c7dc6960127a758e5bd400.jpg', '/wxshopping/userfiles/images/3848ca5f3bfc4a6f9155d697b413e8ed.jpg', '/wxshopping/userfiles/images/02ed6cb6f71f05728f448bb1aa80cb02.jpg', '/wxshopping/userfiles/images/b2b0814cfb8da906f4033104945b183e.jpg', null, null, '179', '99', '54');
INSERT INTO `products_info` VALUES ('65', '清煮鸡胸肉（犬&猫用）', '细嫩胸脯肉，低脂高蛋白，易吸收', '18', '20180713113423', '<p><img alt=\"\" src=\"/wxshopping/userfiles/images/714d0302802fb9eeb0dba7a37269bf5a.jpg\" style=\"height:430px; width:430px\" /></p>\r\n', '0', '/wxshopping/userfiles/images/cf5d464e62c592986c8d0ecb50eafde3.png', '/wxshopping/userfiles/images/ee893f6ae48c95ec9f40f87fd7432e2a.jpg', '/wxshopping/userfiles/images/714d0302802fb9eeb0dba7a37269bf5a.jpg', '/wxshopping/userfiles/images/aec03dc88d9de97d95b9b782111ca647.jpg', '/wxshopping/userfiles/images/4823b5db3cb58bd037ecb57c510920f1.jpg', null, null, '19', '99', '65');
INSERT INTO `products_info` VALUES ('66', '20寸 星空 纯PC铝框登机箱', '40升适中容量 独特星空效果', '19', '20180713113558', '<p><img alt=\"\" src=\"/wxshopping/userfiles/images/0425476a5b61b7d43ccd98e97513dffc.jpg\" style=\"height:430px; width:430px\" /></p>\r\n', '0', '/wxshopping/userfiles/images/3b00aafb8546e977bc9c674f41270f35.png', '/wxshopping/userfiles/images/0b2cee79c5a6379e03786c3c92da40cc.jpg', '/wxshopping/userfiles/images/0425476a5b61b7d43ccd98e97513dffc.jpg', '/wxshopping/userfiles/images/c6c79667d03a538d12f82a8dd12a0b5c.jpg', '/wxshopping/userfiles/images/10753c50ae5f23720e15db0f151a2d3b.jpg', null, null, '669', '99', '25');
INSERT INTO `products_info` VALUES ('67', '17寸全铝镁合金登机箱', '100%铝镁合金，坚固抗冲，收纳有序', '19', '20180713123253', '<p><img alt=\"\" src=\"/wxshopping/userfiles/images/8f0e8bd312b73c45a7f2cedd00b3d4ee.jpg\" style=\"height:430px; width:430px\" /></p>\r\n', '0', '/wxshopping/userfiles/images/6331a0824ffdb04dc82254036d6c6089.png', '/wxshopping/userfiles/images/d1e16e1a56fd445f8f0917a4914fc333.jpg', '/wxshopping/userfiles/images/7eafba0b655121f8bcc50b8235800c2b.jpg', '/wxshopping/userfiles/images/8f0e8bd312b73c45a7f2cedd00b3d4ee.jpg', '/wxshopping/userfiles/images/f5021d6d807e31327cf4a4cfaed1ae1b.jpg', null, null, '699', '99', '24');
INSERT INTO `products_info` VALUES ('68', '20寸英伦骑士纯PC横纹登机箱', '小巧尺寸，33升轻松出行', '19', '20180713123422', '<p><img alt=\"\" src=\"/wxshopping/userfiles/images/ad596b4377e292e92c85362890a960d3.jpg\" style=\"height:430px; width:430px\" /></p>\r\n', '0', '/wxshopping/userfiles/images/9b88cbc4b033a4d294c9af6db30e7fc8.png', '/wxshopping/userfiles/images/ad596b4377e292e92c85362890a960d3.jpg', '/wxshopping/userfiles/images/61ddbeb77f796c6361dfc5c230125ef4.jpg', '/wxshopping/userfiles/images/b7c044e39c8990f3b1731a85be5efc9e.jpg', '/wxshopping/userfiles/images/73ec3efa1e9fbf4cd4cb58b95b7be9e2.jpg', null, null, '369', '99', '24');
INSERT INTO `products_info` VALUES ('69', '20寸 纯PC“铝框”（非全铝）登机箱', '40升适中容量，铝质包角，牢固抗摔', '19', '20180713123558', '<p><img alt=\"\" src=\"/wxshopping/userfiles/images/ecbf834a88df2e21d1b27612bf032d82.jpg\" style=\"height:430px; width:430px\" /></p>\r\n', '0', '/wxshopping/userfiles/images/ccde6140aff056ee37204f8866a5de93.png', '/wxshopping/userfiles/images/9049ce4ca6c41827087d74752ef15d0f.jpg', '/wxshopping/userfiles/images/ecbf834a88df2e21d1b27612bf032d82.jpg', '/wxshopping/userfiles/images/53a0092706612de1398c3cd3ed42f23d.jpg', '/wxshopping/userfiles/images/b801d1ed9e3ab5834f38a534a8275e5e.jpg', null, null, '349', '99', '25');
INSERT INTO `products_info` VALUES ('70', '牛皮拉链单肩包', '精简商务风，实用为先', '20', '20180713123737', '<p><img alt=\"\" src=\"/wxshopping/userfiles/images/3c4288953a9faabd99c97cd8894bca75.jpg\" style=\"height:430px; width:430px\" /></p>\r\n', '0', '/wxshopping/userfiles/images/6097eec7e2de922c7754d77fc68b3734.png', '/wxshopping/userfiles/images/fca3db9bbfe21ef14e3338450c3efd44.jpg', '/wxshopping/userfiles/images/4ee8cf2f54a9a922589f810ac0995baf.jpg', '/wxshopping/userfiles/images/5c921a91a1ccef83f778a9316cb91331.jpg', '/wxshopping/userfiles/images/3c4288953a9faabd99c97cd8894bca75.jpg', null, null, '399', '99', '36');
INSERT INTO `products_info` VALUES ('71', '牛皮轻简电脑包', '利落线条，极简生活方式', '20', '20180713123857', '<p><img alt=\"\" src=\"/wxshopping/userfiles/images/501bc0b3a135e94df0d5cd8cb8d8950c.jpg\" style=\"height:430px; width:430px\" /></p>\r\n', '0', '/wxshopping/userfiles/images/aba3670ab1d54db3dd7800d2532c63d3.png', '/wxshopping/userfiles/images/ef3d3d9a1f8e0716cdbdbb3c02aa47d4.jpg', '/wxshopping/userfiles/images/ec35e378c03d864fab11ec177a32514f.jpg', '/wxshopping/userfiles/images/501bc0b3a135e94df0d5cd8cb8d8950c.jpg', '/wxshopping/userfiles/images/52007a2eb860b1ff1911675391b758f3.jpg', null, null, '339', '99', '54');
INSERT INTO `products_info` VALUES ('72', '轻便杜邦纸双肩包', '把轻、柔、韧发挥到超乎你想象', '20', '20180713124036', '<p><img alt=\"\" src=\"/wxshopping/userfiles/images/6be3b97d35bbdacb4428e268ce5aaa60.jpg\" style=\"height:430px; width:430px\" /></p>\r\n', '0', '/wxshopping/userfiles/images/3b770df3aecf1f560d840cb107225f5c.png', '/wxshopping/userfiles/images/6be3b97d35bbdacb4428e268ce5aaa60.jpg', '/wxshopping/userfiles/images/d2b61a49144d821a5c999c533d436117.jpg', '/wxshopping/userfiles/images/82b692f34e3e8c8385bf82857d11d291.jpg', '/wxshopping/userfiles/images/ae2f96c8335f3ba1431c9815fc68c386.jpg', null, null, '169', '99', '25');
INSERT INTO `products_info` VALUES ('73', '双拉链质感双肩包', '立挺外形书写坚韧内心', '20', '20180713124212', '<p><img alt=\"\" src=\"/wxshopping/userfiles/images/451866e74505ab2452dd0ba4aaba7748.jpg\" style=\"height:430px; width:430px\" /></p>\r\n', '0', '/wxshopping/userfiles/images/77bc4417cc2fb39208a9379b6932ddf0.png', '/wxshopping/userfiles/images/451866e74505ab2452dd0ba4aaba7748.jpg', '/wxshopping/userfiles/images/710effe44ad6246e23676f6c7b3ceac2.jpg', '/wxshopping/userfiles/images/4956f7609140a6b4599136bbe97d121a.jpg', '/wxshopping/userfiles/images/348c3f207143e4f8e0ce216bf2c7c85f.jpg', null, null, '299', '99', '24');
INSERT INTO `products_info` VALUES ('74', '小铆钉链条斜挎包', '朋克铆钉 美丽也可以耍酷', '21', '20180713124351', '<p><img alt=\"\" src=\"/wxshopping/userfiles/images/38d52cb18889b8b7b976f52031c9a455.jpg\" style=\"height:430px; width:430px\" /></p>\r\n', '0', '/wxshopping/userfiles/images/3307a227b17715472aab8c7e482bb308.png', '/wxshopping/userfiles/images/eb57480ffbe1a5fe2ea29cf7b2b82e37.jpg', '/wxshopping/userfiles/images/38d52cb18889b8b7b976f52031c9a455.jpg', '/wxshopping/userfiles/images/91429099119411860b2342d5df4b47c4.jpg', '/wxshopping/userfiles/images/540025765ee5669d4ecb365fd53b335e.jpg', null, null, '299', '99', '36');
INSERT INTO `products_info` VALUES ('75', '小铆钉皮质双肩包', '双肩包也可以很酷', '21', '20180713124521', '<p><img alt=\"\" src=\"/wxshopping/userfiles/images/9325bcb1f4e3d917b0dfd613200d4f15.jpg\" style=\"height:430px; width:430px\" /></p>\r\n', '0', '/wxshopping/userfiles/images/3772c91b55fe1022d9bd76dca3c48e03.png', '/wxshopping/userfiles/images/23bdef82537eaa5a3e9a9b805ddb71ae.jpg', '/wxshopping/userfiles/images/9325bcb1f4e3d917b0dfd613200d4f15.jpg', '/wxshopping/userfiles/images/8da3b10d4ed38e3b825d9c80abacdae3.jpg', '/wxshopping/userfiles/images/f6b9c8836890a6c0b75fb7a20bb6c43a.jpg', null, null, '299', '99', '36');
INSERT INTO `products_info` VALUES ('76', '牛皮方形锁扣马鞍包', '复古也时尚 经典马鞍包', '21', '20180713124629', '<p><img alt=\"\" src=\"/wxshopping/userfiles/images/733999f1c6d9020f0c4c81787faabeca.jpg\" style=\"height:430px; width:430px\" /></p>\r\n', '0', '/wxshopping/userfiles/images/9a003ff89a1657a4efcea7bcf9bd1fb6.png', '/wxshopping/userfiles/images/66356c0ca33d8c3b8d6dd189ec4cb213.jpg', '/wxshopping/userfiles/images/323709fba7e1fcdbcb56c66a2738bb01.jpg', '/wxshopping/userfiles/images/733999f1c6d9020f0c4c81787faabeca.jpg', '/wxshopping/userfiles/images/14fde79df1525298ab00707fd8d6b5e6.jpg', null, null, '399', '99', '54');
INSERT INTO `products_info` VALUES ('77', '牛皮方形锁扣手提包', '轻复古 梯形利落包身', '21', '20180713124741', '<p><img alt=\"\" src=\"/wxshopping/userfiles/images/df878ae5b5f6e6ecb0f580a78296abf2.jpg\" style=\"height:430px; width:430px\" /></p>\r\n', '0', '/wxshopping/userfiles/images/f5df9a754fdbc28253f777165c26259d.png', '/wxshopping/userfiles/images/df878ae5b5f6e6ecb0f580a78296abf2.jpg', '/wxshopping/userfiles/images/7d0004472f2d83d89a5c6a7e7601de7b.jpg', '/wxshopping/userfiles/images/c1fea6911d4eb5fe287b20984c71f3cd.jpg', '/wxshopping/userfiles/images/fe96efd851cf7d9f7ed578b642b8b4ca.jpg', null, null, '499', '99', '34');
INSERT INTO `products_info` VALUES ('78', '牛皮方形锁扣双肩包', '挺括梯形包身 兼顾颜值与实用', '21', '20180713124913', '<p><img alt=\"\" src=\"/wxshopping/userfiles/images/9f9d70b70f7af074627a52f21e8b9e53.jpg\" style=\"height:430px; width:430px\" /></p>\r\n', '0', '/wxshopping/userfiles/images/86fadbc1c19b1fdff6a0c128844dd33b.png', '/wxshopping/userfiles/images/c5fb9892b8c64b0fc09b9413554a06c7.jpg', '/wxshopping/userfiles/images/04b78bc49283729f16ea86e723ccdf1a.jpg', '/wxshopping/userfiles/images/9f9d70b70f7af074627a52f21e8b9e53.jpg', '/wxshopping/userfiles/images/652bdaf75416ae5eb02ce1deda004159.jpg', null, null, '519', '99', '25');
INSERT INTO `products_info` VALUES ('79', '金属流苏小方包', '今夏 人手一只流苏包', '21', '20180713125023', '<p><img alt=\"\" src=\"/wxshopping/userfiles/images/1df96898169360118b210ee895237260.jpg\" style=\"height:430px; width:430px\" /></p>\r\n', '0', '/wxshopping/userfiles/images/43454714a3895725eb1a6ddcbdfa0262.png', '/wxshopping/userfiles/images/1df96898169360118b210ee895237260.jpg', '/wxshopping/userfiles/images/c7211cddc71a4f171b5f274e398c8d6d.jpg', '/wxshopping/userfiles/images/bff99671a912aaabe249a9b65f55c196.jpg', '/wxshopping/userfiles/images/c88ef8d40332c668c5cdff1039d0dc5c.jpg', null, null, '299', '99', '24');
INSERT INTO `products_info` VALUES ('80', '不对称牛皮斜挎包', '耐看好搭 不对称的风琴包', '21', '20180713125145', '<p><img alt=\"\" src=\"/wxshopping/userfiles/images/60cff1c80b8cc4e59f08fcd972ae3959.jpg\" style=\"height:430px; width:430px\" /></p>\r\n', '0', '/wxshopping/userfiles/images/4b12b2cabde9ad28dd704cd420007c77.png', '/wxshopping/userfiles/images/0a9e92add58d2ac7c11ea9b2d15c3b85.jpg', '/wxshopping/userfiles/images/60cff1c80b8cc4e59f08fcd972ae3959.jpg', '/wxshopping/userfiles/images/8337702b635266af71e68926f46df67d.jpg', '/wxshopping/userfiles/images/0482b51691a34bd117757789ee995123.jpg', null, null, '469', '99', '14');
INSERT INTO `products_info` VALUES ('81', '翻盖锁扣斜挎包', '轻盈小巧 手拿的优雅', '21', '20180713125309', '<p><img alt=\"\" src=\"/wxshopping/userfiles/images/cc0b3770fad2312a6786a04c947ece87.jpg\" style=\"height:430px; width:430px\" /></p>\r\n', '0', '/wxshopping/userfiles/images/6b6ab65b4d96498964122db1c38c208d.png', '/wxshopping/userfiles/images/cc0b3770fad2312a6786a04c947ece87.jpg', '/wxshopping/userfiles/images/97cfb1306b6841579e25373d3088b114.jpg', '/wxshopping/userfiles/images/aa1b9fa3a94c8a785902111ad631f1b3.jpg', '/wxshopping/userfiles/images/45e36548518a19d3efd1a909acbe9a2c.jpg', null, null, '399', '99', '36');
INSERT INTO `products_info` VALUES ('82', '简约牛皮手提单肩包', '一手提起你对美好的所有想象', '21', '20180713125433', '<p><img alt=\"\" src=\"/wxshopping/userfiles/images/e3d559186f4c0f4d9a1ba2caa50cc478.jpg\" style=\"height:430px; width:430px\" /></p>\r\n', '0', '/wxshopping/userfiles/images/8cae38cd8700f4c0ef3a64c5305c0788.png', '/wxshopping/userfiles/images/c39d48716a8e181f4ec9fb7b0b5435b6.jpg', '/wxshopping/userfiles/images/e3d559186f4c0f4d9a1ba2caa50cc478.jpg', '/wxshopping/userfiles/images/dae78928755c1a3bb14402542f88baeb.jpg', '/wxshopping/userfiles/images/e6aafa56b1a9e06bd670e142776589a6.jpg', null, null, '499', '99', '25');
INSERT INTO `products_info` VALUES ('83', 'MINI冰淇淋菱格双肩包', '迷你包型，自带少女感', '21', '20180713125610', '<p><img alt=\"\" src=\"/wxshopping/userfiles/images/11d989209bb7c2c37400087820f58b76.jpg\" style=\"height:430px; width:430px\" /></p>\r\n', '0', '/wxshopping/userfiles/images/adfaf6d0307eeb3604d13e9b236cc152.png', '/wxshopping/userfiles/images/11d989209bb7c2c37400087820f58b76.jpg', '/wxshopping/userfiles/images/7c075b54fc20e523f2f0bfb799ca13fc.jpg', '/wxshopping/userfiles/images/bc52a195c2fdc489a3a18313bf1c5989.jpg', '/wxshopping/userfiles/images/ba1a389f080d7d681efbbe483bb1f10e.jpg', null, null, '369', '99', '24');
INSERT INTO `products_info` VALUES ('84', '拼色锁扣马鞍包', '小巧优雅，内含容量', '21', '20180713125726', '<p><img alt=\"\" src=\"/wxshopping/userfiles/images/7e140b8c946eaf0203599192604bdc30.jpg\" style=\"height:430px; width:430px\" /></p>\r\n', '0', '/wxshopping/userfiles/images/5a82100a89587f2cd90dfa5177994f3b.png', '/wxshopping/userfiles/images/aa6a46ee6d1f0c0b1253dd7eb2eb7dd8.jpg', '/wxshopping/userfiles/images/ddbc7c04b113f9571c2cd6f411304cde.jpg', '/wxshopping/userfiles/images/7e140b8c946eaf0203599192604bdc30.jpg', '/wxshopping/userfiles/images/148c9ac20e5b57482f2f405c186323d1.jpg', null, null, '299', '99', '36');
INSERT INTO `products_info` VALUES ('85', '宽肩带牛皮波士顿包', '美国牛皮胚，不输明星的气场', '21', '20180713125928', '<p><img alt=\"\" src=\"/wxshopping/userfiles/images/d8592973c48c3cd9ef664d67c844a8d6.jpg\" style=\"height:430px; width:430px\" /></p>\r\n', '0', '/wxshopping/userfiles/images/175ae78a3ef66a478aff6df4e83bfb31.png', '/wxshopping/userfiles/images/18e397c1eca3a837df6d7fc37b0e5ae4.jpg', '/wxshopping/userfiles/images/d8592973c48c3cd9ef664d67c844a8d6.jpg', '/wxshopping/userfiles/images/6982108a792b652ebfea5d5186840dbe.jpg', '/wxshopping/userfiles/images/72d7e5bc803b9ccf134b1b4cc33d9c71.jpg', null, null, '399', '99', '24');
INSERT INTO `products_info` VALUES ('86', '轻便手提电脑包', '多袋合理置物，解放负重出行', '21', '20180713130152', '<p><img alt=\"\" src=\"/wxshopping/userfiles/images/9254ce0a05bbd9fa15d3ad106c085ded.jpg\" style=\"height:430px; width:430px\" /></p>\r\n', '0', '/wxshopping/userfiles/images/3062545fa0bba66a26c775737cd5e366.png', '/wxshopping/userfiles/images/9254ce0a05bbd9fa15d3ad106c085ded.jpg', '/wxshopping/userfiles/images/872e1d59e9956fe2e596d3120c7c5b9c.jpg', '/wxshopping/userfiles/images/9d2487df86dd18e68ff833ecb449b237.jpg', '/wxshopping/userfiles/images/12adb0c0bbcde1543a6013eb0f709b95.jpg', null, null, '79', '99', '14');
INSERT INTO `products_info` VALUES ('87', '巴黎谧 搭扣手提单肩包', '1天1人仅手作2只的珍贵品质', '21', '20180713130325', '<p><img alt=\"\" src=\"/wxshopping/userfiles/images/6ea1565b989292f96cd12548f87109ff.jpg\" style=\"height:430px; width:430px\" /></p>\r\n', '0', '/wxshopping/userfiles/images/605dd2b0cc17c3b39b82cf08990f4e1e.png', '/wxshopping/userfiles/images/ed988c4e9dfa29189432e3de338bbbc2.jpg', '/wxshopping/userfiles/images/d2f4896b97f5cf88064e0452df140c83.jpg', '/wxshopping/userfiles/images/6ea1565b989292f96cd12548f87109ff.jpg', '/wxshopping/userfiles/images/1871946904ae57f95c9bd41ab5b5ba55.jpg', null, null, '646', '99', '36');
INSERT INTO `products_info` VALUES ('88', '挚爱纽约牛皮水桶包', '大牌品质，仅售供应商建议价的1/5', '21', '20180713130431', '<p><img alt=\"\" src=\"/wxshopping/userfiles/images/3160e72b89d1464ac7066432fd6601fc.jpg\" style=\"height:430px; width:430px\" /></p>\r\n', '0', '/wxshopping/userfiles/images/0b427eeb36c5129831ae10c4cf92bec3.png', '/wxshopping/userfiles/images/3160e72b89d1464ac7066432fd6601fc.jpg', '/wxshopping/userfiles/images/82faf748c68b62d851c6c5aad1605db9.jpg', '/wxshopping/userfiles/images/519cbe67a9b80945a81ef96d23b4ecb7.jpg', '/wxshopping/userfiles/images/ee3b0025b9937d4160f7ade4130b2a0e.jpg', null, null, '459', '99', '54');
INSERT INTO `products_info` VALUES ('89', '马卡龙拼色托特包', '法式简约，不可抗拒的优雅红色', '21', '20180713130623', '<p><img alt=\"\" src=\"/wxshopping/userfiles/images/0d18d1cc36948516fba870166951498f.jpg\" style=\"height:430px; width:430px\" /></p>\r\n', '0', '/wxshopping/userfiles/images/115882d32014667eb102391edf72965a.png', '/wxshopping/userfiles/images/0d18d1cc36948516fba870166951498f.jpg', '/wxshopping/userfiles/images/005900f010bd49bc99a8cbb7a76cdfcc.jpg', '/wxshopping/userfiles/images/7bff7566f82a2dd485cb6ae38ea72c05.jpg', '/wxshopping/userfiles/images/1545a9be963718bfa71e93a8b1ce456d.jpg', null, null, '399', '99', '25');
INSERT INTO `products_info` VALUES ('90', '伦敦墨 手提斜挎包', '复古斜纹，提升搭配质感', '21', '20180713130816', '<p><img alt=\"\" src=\"/wxshopping/userfiles/images/d46a3df642306e84b224cef7fa814ca4.jpg\" style=\"height:430px; width:430px\" /></p>\r\n', '0', '/wxshopping/userfiles/images/65b9333d0e59c7c40c3992a69344a648.png', '/wxshopping/userfiles/images/d46a3df642306e84b224cef7fa814ca4.jpg', '/wxshopping/userfiles/images/1f0a641d1bb51032d0102bb8e6494209.jpg', '/wxshopping/userfiles/images/96a4a98686b4a0762760b7cb840ce8e8.jpg', '/wxshopping/userfiles/images/1c8a556a70c59d192dd58c0fe61cb702.jpg', null, null, '359', '99', '36');
INSERT INTO `products_info` VALUES ('91', '伦敦墨 斜挎小方包', '50g轻巧包身，自在出行', '21', '20180713130923', '<p><img alt=\"\" src=\"/wxshopping/userfiles/images/b690b4154f13f25e1d9c4aef511a16f9.jpg\" style=\"height:430px; width:430px\" /></p>\r\n', '0', '/wxshopping/userfiles/images/934a65d8806d6e7fdf547fc70fb32665.png', '/wxshopping/userfiles/images/b690b4154f13f25e1d9c4aef511a16f9.jpg', '/wxshopping/userfiles/images/ed2dca1a780bcda0fe3b628ae7654eb2.jpg', '/wxshopping/userfiles/images/2a5aef82c67c7594b922c67c584d8c82.jpg', '/wxshopping/userfiles/images/2ebbaddc3a659d29cbaad26b0f1fc007.jpg', null, null, '259', '99', '54');
INSERT INTO `products_info` VALUES ('92', '女式鱼子酱纹手机包', '可放iPhone7 plus', '21', '20180713131030', '<p><img alt=\"\" src=\"/wxshopping/userfiles/images/e978c321347c111897b58857899bdad6.jpg\" style=\"height:430px; width:430px\" /></p>\r\n', '0', '/wxshopping/userfiles/images/019623fe97d022105a3c11938359085a.png', '/wxshopping/userfiles/images/97522d97b43689f5c8661339af716de4.jpg', '/wxshopping/userfiles/images/e978c321347c111897b58857899bdad6.jpg', '/wxshopping/userfiles/images/8771c92cc9be4b4632a86d3ee02de25a.jpg', '/wxshopping/userfiles/images/b81cbd1a3e8cf2f665152e7908a69ae5.jpg', null, null, '195', '99', '36');
INSERT INTO `products_info` VALUES ('93', '意式流光牛皮双肩包', '美国牛皮，外黑内红的经典诱惑', '21', '20180713131134', '<p><img alt=\"\" src=\"/wxshopping/userfiles/images/aa8ad9358e94bb1e33911c4ed6962d12.jpg\" style=\"height:430px; width:430px\" /></p>\r\n', '0', '/wxshopping/userfiles/images/3784a4dca55c115d30b44ac1a4c4db4d.png', '/wxshopping/userfiles/images/668896ff8391b54eeb44971e80696351.jpg', '/wxshopping/userfiles/images/aa8ad9358e94bb1e33911c4ed6962d12.jpg', '/wxshopping/userfiles/images/ac47f46e9de639bd0d11f8ae2b35ffa3.jpg', '/wxshopping/userfiles/images/92ae8e6220930ef98d0b41ca0534b868.jpg', null, null, '359', '99', '54');
INSERT INTO `products_info` VALUES ('94', '简约拉链百搭双肩包', '立体剪裁，可搭配多种造型', '21', '20180713131252', '<p><img alt=\"\" src=\"/wxshopping/userfiles/images/cc644a59eb788669d8b4bae960b0e919.jpg\" style=\"height:430px; width:430px\" /></p>\r\n', '0', '/wxshopping/userfiles/images/e223a5b79611e83c2d3f9b90a6d09233.png', '/wxshopping/userfiles/images/a4bca0902adcd03752fd978ee02f121c.jpg', '/wxshopping/userfiles/images/cc644a59eb788669d8b4bae960b0e919.jpg', '/wxshopping/userfiles/images/db66602bd58953a88901044267171cd3.jpg', '/wxshopping/userfiles/images/d86c0b1b39575dd5356ed113784c6bce.jpg', null, null, '219', '99', '36');
INSERT INTO `products_info` VALUES ('95', '幸运桃心链条单肩包', '金色守护精灵，随身出行', '21', '20180713131409', '<p><img alt=\"\" src=\"/wxshopping/userfiles/images/582d7b5a65373844d035902ae76777f2.jpg\" style=\"height:430px; width:430px\" /></p>\r\n', '0', '/wxshopping/userfiles/images/07ef5b3ae2ca618ca1c9b9289546222d.png', '/wxshopping/userfiles/images/582d7b5a65373844d035902ae76777f2.jpg', '/wxshopping/userfiles/images/1c3eb4bf4bf34dcde06ff0f156d18541.jpg', '/wxshopping/userfiles/images/cf4827158b916cfc4e2fc2fa7753fa5b.jpg', '/wxshopping/userfiles/images/380dc5d6416d18e738c335cd4f9eb214.jpg', null, null, '199', '99', '54');
INSERT INTO `products_info` VALUES ('96', 'VERY BUSY 帆布购物袋', '生活再忙也要“玩”起来', '21', '20180713131546', '<p><img alt=\"\" src=\"/wxshopping/userfiles/images/fd03047a147508372dffa4a174d903d7.jpg\" style=\"height:430px; width:430px\" /></p>\r\n', '0', '/wxshopping/userfiles/images/a7ddc1cf9f4623c79a14c5b2c12f8667.jpg', '/wxshopping/userfiles/images/fd03047a147508372dffa4a174d903d7.jpg', '/wxshopping/userfiles/images/9361b737189ed0567f71a10019c21309.jpg', '/wxshopping/userfiles/images/cd9bade382ca1800ce829373088ff0d3.jpg', '/wxshopping/userfiles/images/a7ddc1cf9f4623c79a14c5b2c12f8667.jpg', null, null, '39', '99', '36');
INSERT INTO `products_info` VALUES ('97', '头层牛皮长款拉链钱包', '进口头层牛皮，14道卡位奢享生活', '22', '20180713133417', '<p><img alt=\"\" src=\"/wxshopping/userfiles/images/42ee9acce5e49e64c739bdfc48b4e901.jpg\" style=\"height:430px; width:430px\" /></p>\r\n', '0', '/wxshopping/userfiles/images/896171e060b865287d03b6aa1d36303b.png', '/wxshopping/userfiles/images/e1883a0ff100cef67740999e09fa868f.jpg', '/wxshopping/userfiles/images/42ee9acce5e49e64c739bdfc48b4e901.jpg', '/wxshopping/userfiles/images/a57c64e0bfa4214640cbd19f6fab8bab.jpg', '/wxshopping/userfiles/images/bc025a2a396e45d6b41fd44507a64a1e.jpg', null, null, '269', '99', '87');
INSERT INTO `products_info` VALUES ('98', '牛皮十字纹长款钱包', '简约商务派，13个储卡位', '22', '20180713133522', '<p><img alt=\"\" src=\"/wxshopping/userfiles/images/679a546f294e79d3e2c740d05d46e9c9.jpg\" style=\"height:430px; width:430px\" /></p>\r\n', '0', '/wxshopping/userfiles/images/cfde85c3632f0d7c57d43fd039181dab.png', '/wxshopping/userfiles/images/bb28a5c037411768e21758a84ae60c71.jpg', '/wxshopping/userfiles/images/9bc8aee71178b91b02c8a189346eff62.jpg', '/wxshopping/userfiles/images/0541e064a92298d89fdd4b2b7c3c0cba.jpg', '/wxshopping/userfiles/images/679a546f294e79d3e2c740d05d46e9c9.jpg', null, null, '299', '99', '14');
INSERT INTO `products_info` VALUES ('99', '伦敦墨 长款钱包', '一包搞定所有的科学储物', '22', '20180713133724', '<p><img alt=\"\" src=\"/wxshopping/userfiles/images/17df78e4dbd21fc03154aa3c81013f5e.jpg\" style=\"height:430px; width:430px\" /></p>\r\n\r\n<p>&nbsp;</p>\r\n', '0', '/wxshopping/userfiles/images/540becf870715712b396cb534a8a4c51.png', '/wxshopping/userfiles/images/7f428ae08c5c7074daf432e49d3b41f3.jpg', '/wxshopping/userfiles/images/a2fa1d7818b37567b7b1ab4a300e6b98.jpg', '/wxshopping/userfiles/images/17df78e4dbd21fc03154aa3c81013f5e.jpg', '/wxshopping/userfiles/images/0cae45aa722251084d0ad8799de7315b.jpg', null, null, '189', '99', '25');
INSERT INTO `products_info` VALUES ('100', '平底小方头后空女鞋', '平底小方头，一步一知秋', '23', '20180713133843', '<p><img alt=\"\" src=\"/wxshopping/userfiles/images/48846cee969f7649b4754e6dbd97b0ed.jpg\" style=\"height:430px; width:430px\" /></p>\r\n', '0', '/wxshopping/userfiles/images/62adbf7f3f154fbda34d16c65e752055.png', '/wxshopping/userfiles/images/a52c0dfaf87dd87e2c2b977663544ec3.jpg', '/wxshopping/userfiles/images/48846cee969f7649b4754e6dbd97b0ed.jpg', '/wxshopping/userfiles/images/deebdf57a65ed3d9c571d76d8a999f0c.jpg', '/wxshopping/userfiles/images/59fb0603aef28297e365fbd6cba594ff.jpg', null, null, '329', '99', '36');
INSERT INTO `products_info` VALUES ('101', '小猫跟尖头条带穆勒鞋', '时尚小猫跟鞋，优雅时尚首选', '23', '20180713133949', '<p><img alt=\"\" src=\"/wxshopping/userfiles/images/7013f8cf589720fcf2944e8c0e5fa135.jpg\" style=\"height:430px; width:430px\" /></p>\r\n', '0', '/wxshopping/userfiles/images/6e3bea23d5ff8ffe367707734790e2c5.png', '/wxshopping/userfiles/images/2057886cee4b7ae43a057361f0f254af.jpg', '/wxshopping/userfiles/images/7013f8cf589720fcf2944e8c0e5fa135.jpg', '/wxshopping/userfiles/images/c8fb718688f801ef803e03c15f1a2b5d.jpg', '/wxshopping/userfiles/images/3829cc8f738bbd079e1127ed96636ddb.jpg', null, null, '329', '99', '54');
INSERT INTO `products_info` VALUES ('102', '女士舒雅方扣平底凉拖', '牛皮鞋面，有质感的慵懒随意', '23', '20180713134158', '<p><img alt=\"\" src=\"/wxshopping/userfiles/images/489b50edb61ce65b4bc224acee309a5b.jpg\" style=\"height:430px; width:430px\" /></p>\r\n', '0', '/wxshopping/userfiles/images/0edab4cabb3feb7c9b25b1f99fcf414f.png', '/wxshopping/userfiles/images/11a883d9e356889ed2b580b16d958207.jpg', '/wxshopping/userfiles/images/489b50edb61ce65b4bc224acee309a5b.jpg', '/wxshopping/userfiles/images/fc2f87f19db1d721b1d2fe1a6e45ff3c.jpg', '/wxshopping/userfiles/images/cd60673f1741bf2d96148cfb56ddc73f.jpg', null, null, '269', '99', '14');
INSERT INTO `products_info` VALUES ('103', '水钻方扣平底夹脚凉鞋', '夏日清凉女性首选', '23', '20180713134309', '<p><img alt=\"\" src=\"/wxshopping/userfiles/images/b4b32ef664e594a68d75e802f2632ec1.jpg\" style=\"height:430px; width:430px\" /></p>\r\n', '0', '/wxshopping/userfiles/images/4a6a80c826e6cbf5e305487787c17a59.png', '/wxshopping/userfiles/images/32ef6ead2603d7becb8cf37471755fa0.jpg', '/wxshopping/userfiles/images/3862986317738a499b5ffe7e4728a144.jpg', '/wxshopping/userfiles/images/b4b32ef664e594a68d75e802f2632ec1.jpg', '/wxshopping/userfiles/images/f887af9e490280c012e8edf1e03b4df3.jpg', null, null, '269', '99', '21');
INSERT INTO `products_info` VALUES ('104', '男士搭扣套脚运动鞋', '经典袜套，健步舒适', '24', '20180713134446', '<p><img alt=\"\" src=\"/wxshopping/userfiles/images/7a9b46e7273e2fc32938c0f579403012.jpg\" style=\"height:430px; width:430px\" /></p>\r\n', '0', '/wxshopping/userfiles/images/ef926d44e0be89bab8bbf3cf8da6dc66.png', '/wxshopping/userfiles/images/8b7ac3501ed2613fbaedfd10f0498848.jpg', '/wxshopping/userfiles/images/fc13f5eca9c23ebf8858c25304db5d24.jpg', '/wxshopping/userfiles/images/7a9b46e7273e2fc32938c0f579403012.jpg', '/wxshopping/userfiles/images/c6e3318fc08e4260d24394f7a48112ab.jpg', null, null, '299', '99', '36');
INSERT INTO `products_info` VALUES ('105', '男式复古老爹鞋', '原创设计，街拍必备，舒适潮流两不误', '24', '20180713134545', '<p><img alt=\"\" src=\"/wxshopping/userfiles/images/fd18b20eb37053c9f51fb15dca13ef58.jpg\" style=\"height:430px; width:430px\" /></p>\r\n', '0', '/wxshopping/userfiles/images/dd441144eb71909fe4915b7ba2782a61.png', '/wxshopping/userfiles/images/f3b0930e7b7cadd7de22f30ffe9c367d.png', '/wxshopping/userfiles/images/4820d64594043a79e220246096030812.jpg', '/wxshopping/userfiles/images/fd18b20eb37053c9f51fb15dca13ef58.jpg', '/wxshopping/userfiles/images/c642dbc7e1bc072adffcfe2ca1d6383f.jpg', null, null, '459', '99', '54');
INSERT INTO `products_info` VALUES ('106', '环保主题男/女休闲鞋', '立足环保，海洋回收面纱鞋面', '24', '20180713134705', '<p><img alt=\"\" src=\"/wxshopping/userfiles/images/eca43431a54ca9d3a90d077ec1ac0c91.jpg\" style=\"height:430px; width:430px\" /></p>\r\n', '0', '/wxshopping/userfiles/images/af7df656203612aa315d3454eab52559.png', '/wxshopping/userfiles/images/674bfdbda47fddf823bf54302f1bdb78.jpg', '/wxshopping/userfiles/images/eca43431a54ca9d3a90d077ec1ac0c91.jpg', '/wxshopping/userfiles/images/c3ce34800af2a1a206e77baf480e4f8b.jpg', '/wxshopping/userfiles/images/40e4860f831d8ce9079051fecd6b6431.jpg', null, null, '269', '99', '14');
INSERT INTO `products_info` VALUES ('107', '两带式男女款软木拖鞋2.0', '鞋杯随脚型而变，舒适呵护', '25', '20180713135015', '<p><img alt=\"\" src=\"/wxshopping/userfiles/images/5b5ad6e3f995508f973dfe2b13188a9b.jpg\" style=\"height:430px; width:430px\" /></p>\r\n', '0', '/wxshopping/userfiles/images/7012bb20f89df38d550444eae0853192.png', '/wxshopping/userfiles/images/9bb171b99f4d120c656b333291fcc016.png', '/wxshopping/userfiles/images/5b5ad6e3f995508f973dfe2b13188a9b.jpg', '/wxshopping/userfiles/images/9e984ecb1e56da5f1fcfe793dc6a4cec.jpg', '/wxshopping/userfiles/images/89ed4cd8c70ebf7b5d65c90513eb7618.jpg', null, null, '69', '99', '36');
INSERT INTO `products_info` VALUES ('108', '大蝴蝶结女士软木拖鞋', '软木鞋身，完美贴合足部', '25', '20180713135111', '<p><img alt=\"\" src=\"/wxshopping/userfiles/images/83cd2580b75b3ad8e4372a46157cb93c.jpg\" style=\"height:430px; width:430px\" /></p>\r\n', '0', '/wxshopping/userfiles/images/6d5ee2747b732185430a3179bba88227.png', '/wxshopping/userfiles/images/0416584e11389f2de1d66cc542b75ec6.png', '/wxshopping/userfiles/images/83cd2580b75b3ad8e4372a46157cb93c.jpg', '/wxshopping/userfiles/images/046d4e97e80200120807214a9841cb3d.jpg', '/wxshopping/userfiles/images/e075addbfe322026aecabf87b565d9a3.jpg', null, null, '99', '99', '54');
INSERT INTO `products_info` VALUES ('109', '高端牛津男士软木拖鞋', '复古感疯马皮，舒适体验兼具高级质感', '25', '20180713135221', '<p><img alt=\"\" src=\"/wxshopping/userfiles/images/01bae4bf1b69163f2cb770b684152ae0.jpg\" style=\"height:430px; width:430px\" /></p>\r\n', '0', '/wxshopping/userfiles/images/654550e9489f76f34753212f44cf2400.png', '/wxshopping/userfiles/images/01bae4bf1b69163f2cb770b684152ae0.jpg', '/wxshopping/userfiles/images/d17994b27336a848a3044930d87a7c48.jpg', '/wxshopping/userfiles/images/ad39686a4979066c0b1e8e65e80a80b7.jpg', '/wxshopping/userfiles/images/d17994b27336a848a3044930d87a7c48%20(1).jpg', null, null, '199', '99', '36');
INSERT INTO `products_info` VALUES ('110', '叙旧 新疆棉家居拖鞋', 'MUJI制造商，天然棉麻材质贴近自然', '25', '20180713135324', '<p><img alt=\"\" src=\"/wxshopping/userfiles/images/5921ea9389e54b54a919856fc49e9642.jpg\" style=\"height:430px; width:430px\" /></p>\r\n', '0', '/wxshopping/userfiles/images/b805976d3d48c5d38943dddb5c2c789d.png', '/wxshopping/userfiles/images/fc6336bf3dcdf1ad9c0134f8396cfdde.jpg', '/wxshopping/userfiles/images/7675a832f37a65c30c6fdec422bebf23.jpg', '/wxshopping/userfiles/images/bb810cb3b1f22441be8138462333ef0e.jpg', '/wxshopping/userfiles/images/5921ea9389e54b54a919856fc49e9642.jpg', null, null, '28', '99', '25');
INSERT INTO `products_info` VALUES ('111', '3双装 清凉透气男式船袜', '取材“棉中贵族”皮马棉，更柔韧更透气', '26', '20180713135451', '<p><img alt=\"\" src=\"/wxshopping/userfiles/images/9ee8ceeec3539352a7ba5a0a20833945.jpg\" style=\"height:430px; width:430px\" /></p>\r\n', '0', '/wxshopping/userfiles/images/8e379e530932099aff23dbf28c70710b.png', '/wxshopping/userfiles/images/9ee8ceeec3539352a7ba5a0a20833945.jpg', '/wxshopping/userfiles/images/6b19b9da20eff948b68fc83b6e358338.jpg', '/wxshopping/userfiles/images/19659c2c6d2ac30ef0164d0217898b72.jpg', '/wxshopping/userfiles/images/de36aa99f19565156130d0199b84d461.jpg', null, null, '29', '99', '24');
INSERT INTO `products_info` VALUES ('112', '3双装 清凉透气女式船袜', '3双装 清凉透气女式船袜', '26', '20180713135604', '<p><img alt=\"\" src=\"/wxshopping/userfiles/images/35df49e508c65996bf1638e7017b8ea5.jpg\" style=\"height:430px; width:430px\" /></p>\r\n', '0', '/wxshopping/userfiles/images/2df8dbc0df7be1959ba4e84346e17b75.png', '/wxshopping/userfiles/images/35df49e508c65996bf1638e7017b8ea5.jpg', '/wxshopping/userfiles/images/333c37f5bd3795c3e17c57ba5bc0c284.jpg', '/wxshopping/userfiles/images/3fa1cfdf569ba5f947cb20e1513e1338.jpg', '/wxshopping/userfiles/images/5dde0ff94310a4a1b5bc6926e6f6212b.jpg', null, null, '29', '99', '14');
INSERT INTO `products_info` VALUES ('113', '3双装 5D 空气感透薄连裤袜', '厚木制造商，轻透美肌', '27', '20180713135721', '<p><img alt=\"\" src=\"/wxshopping/userfiles/images/29a1e6d7875c71eb2e8a6642e48344c1.jpg\" style=\"height:430px; width:430px\" /></p>\r\n', '0', '/wxshopping/userfiles/images/bd342b8d884178fad443f19cb86be062.png', '/wxshopping/userfiles/images/7c6704f11530d1925aa8d7cd454d677c.jpg', '/wxshopping/userfiles/images/aeb2b5d0d04c99eee43e21f090991b5c.jpg', '/wxshopping/userfiles/images/223596f819bfc582e270af664de72137.jpg', '/wxshopping/userfiles/images/29a1e6d7875c71eb2e8a6642e48344c1.jpg', null, null, '49', '99', '25');
INSERT INTO `products_info` VALUES ('114', '5D 春夏波点包芯丝连裤袜', '厚木制造商，轻俏波点设计', '27', '20180713135826', '<p><img alt=\"\" src=\"/wxshopping/userfiles/images/a675cc3ef61ee4538e58540ba1c7eb2b.jpg\" style=\"height:430px; width:430px\" /></p>\r\n', '0', '/wxshopping/userfiles/images/7c9fe683296b6e2ace72883dc089f56a.png', '/wxshopping/userfiles/images/1d7c663ab9a85b8daa8bf0ae6120c545.jpg', '/wxshopping/userfiles/images/1ccbef78a4530a84d5db832b24eb7aaf.jpg', '/wxshopping/userfiles/images/a675cc3ef61ee4538e58540ba1c7eb2b.jpg', '/wxshopping/userfiles/images/0b297460fe19274e0ece903de15c8485.jpg', null, null, '19', '99', '36');
INSERT INTO `products_info` VALUES ('115', '5D Hey girl字母透薄连裤袜', '厚木制造商，个性字母设计', '27', '20180713140007', '<p><img alt=\"\" src=\"/wxshopping/userfiles/images/aaa57b108519b0282223b82bec177d20.jpg\" style=\"height:430px; width:430px\" /></p>\r\n', '0', '/wxshopping/userfiles/images/3bf4b2346aa77f978fa7527ac6b89f89.png', '/wxshopping/userfiles/images/aaa57b108519b0282223b82bec177d20.jpg', '/wxshopping/userfiles/images/22c5cba4a5591be84d9d764b4e422b63.jpg', '/wxshopping/userfiles/images/cda8bca503ebf1cd754b0b2fd4e9fe3b.jpg', '/wxshopping/userfiles/images/3b55d26d1a0e3a18fd59da9abc191c26.jpg', null, null, '19', '99', '24');
INSERT INTO `products_info` VALUES ('116', '浅色夏日金属框墨镜', '轻潮浅色镜片，独特设计夏日点睛', '29', '20180713140141', '<p><img alt=\"\" src=\"/wxshopping/userfiles/images/f28dc8b3e59c38a3c18986671f7642ac.jpg\" style=\"height:430px; width:430px\" /></p>\r\n', '0', '/wxshopping/userfiles/images/5afa97c7b950305c0d0a7f464d922efa.png', '/wxshopping/userfiles/images/f28dc8b3e59c38a3c18986671f7642ac.jpg', '/wxshopping/userfiles/images/221349b9130eb2561c4d68e6b2325601.jpg', '/wxshopping/userfiles/images/3f733ff7bd0215ae15cf4461f6bc8934.jpg', '/wxshopping/userfiles/images/d1212dec6cddc1c0a13dee731556c6e0.jpg', null, null, '239', '99', '14');
INSERT INTO `products_info` VALUES ('117', '磨砂感飞行员墨镜', 'HUGO BOSS制造商出品', '29', '20180713140249', '<p><img alt=\"\" src=\"/wxshopping/userfiles/images/623e9094b126da5601199de90d132be3.jpg\" style=\"height:430px; width:430px\" /></p>\r\n', '0', '/wxshopping/userfiles/images/eb7725d20d9d7944df7bfea2bfd1dfc1.png', '/wxshopping/userfiles/images/7510e559244ee03acaf5d36a99d97903.jpg', '/wxshopping/userfiles/images/623e9094b126da5601199de90d132be3.jpg', '/wxshopping/userfiles/images/41d5806d08028f6c60c612668f589e82.jpg', '/wxshopping/userfiles/images/1dd2f9bd4d76c7d3d1ca0d073535cc3e.jpg', null, null, '104', '99', '25');
INSERT INTO `products_info` VALUES ('118', '轻尚优雅女式墨镜', 'Fendi制造商，大牌街拍感', '29', '20180713140358', '<p><img alt=\"\" src=\"/wxshopping/userfiles/images/8d0ad7b422e9c25bf442c56d60a01e3b.png\" style=\"height:430px; width:430px\" /></p>\r\n', '0', '/wxshopping/userfiles/images/8baf6191e01c2769af15ed9526cc34d4.png', '/wxshopping/userfiles/images/8d0ad7b422e9c25bf442c56d60a01e3b.png', '/wxshopping/userfiles/images/9a229ed9cb3b4296307461e14b361893.jpg', '/wxshopping/userfiles/images/08397471475fc9dee267e952e2390067.jpg', '/wxshopping/userfiles/images/856b72fc6b68e128a9b46b34473d540e.jpg', null, null, '112', '99', '24');
INSERT INTO `products_info` VALUES ('119', '摩登复古圆形墨镜', '时装博主热衷的复古设计', '29', '20180713140518', '<p><img alt=\"\" src=\"/wxshopping/userfiles/images/89f7ec6b6c898ec4a5365d1dc070b61a.jpg\" style=\"height:430px; width:430px\" /></p>\r\n', '0', '/wxshopping/userfiles/images/28473a69f0820c5a27acee432998afd9.png', '/wxshopping/userfiles/images/89f7ec6b6c898ec4a5365d1dc070b61a.jpg', '/wxshopping/userfiles/images/4f7b9b1b6a33da7b2d3b6212a9c6e116.jpg', '/wxshopping/userfiles/images/e46165eb9cc91450e693631ca42c35b8.jpg', '/wxshopping/userfiles/images/e5562a319db9f99dbb4ca33a65b4cf81.jpg', null, null, '113', '99', '25');
INSERT INTO `products_info` VALUES ('120', '【镜架系列】圆形全框TR混合架', 'TR材质，金属质感', '29', '20180713140631', '<p><img alt=\"\" src=\"/wxshopping/userfiles/images/b7a913da7894da55460b8a162a11eaa0.jpg\" style=\"height:430px; width:430px\" /></p>\r\n', '0', '/wxshopping/userfiles/images/e1227ef6488a1a0912f2dc177309c603.png', '/wxshopping/userfiles/images/77b7c16e8f635f904ce997b654944a5c.jpg', '/wxshopping/userfiles/images/62280301ad69d3f63133f3c95da06ae0.jpg', '/wxshopping/userfiles/images/b7a913da7894da55460b8a162a11eaa0.jpg', '/wxshopping/userfiles/images/bdfdbbaf82126261e89b9fd1a138c400.jpg', null, null, '159', '99', '31');
INSERT INTO `products_info` VALUES ('121', '【镜架系列】金属细边方框眼镜架', '细致纹理，暗哑大方', '29', '20180713140755', '<p><img alt=\"\" src=\"/wxshopping/userfiles/images/3bf9e1ea27d5a9ff2b4a76e8037031fe.jpg\" style=\"height:430px; width:430px\" /></p>\r\n', '0', '/wxshopping/userfiles/images/b70d2fcf93ef185326403b46123f4239.png', '/wxshopping/userfiles/images/d336562c4a0e47e6ec04da3d76b46dbf.jpg', '/wxshopping/userfiles/images/3bf9e1ea27d5a9ff2b4a76e8037031fe.jpg', '/wxshopping/userfiles/images/0ccfcd04b50ffdda51775be46ccb5163.jpg', '/wxshopping/userfiles/images/013274ba160365642bb69fdc784d4df5.jpg', null, null, '129', '99', '21');
INSERT INTO `products_info` VALUES ('122', '100%真丝玩彩波纹飘带', '仅售供应商建议价的1/5', '30', '20180713140937', '<p><img alt=\"\" src=\"/wxshopping/userfiles/images/95383fcaa1445fc88d8b589b7fd919fc.jpg\" style=\"height:430px; width:430px\" /></p>\r\n', '0', '/wxshopping/userfiles/images/67c43f7bb129ca9bec6f171e60e0ef15.png', '/wxshopping/userfiles/images/6f139988598066fa94ef07b02e95e826.jpg', '/wxshopping/userfiles/images/e09941710e89aae824ba1965d26975fc.jpg', '/wxshopping/userfiles/images/7fc9f76d9e996246c6c17fe96bd1b856.jpg', '/wxshopping/userfiles/images/95383fcaa1445fc88d8b589b7fd919fc.jpg', null, null, '55', '99', '25');
INSERT INTO `products_info` VALUES ('123', '航海系列 100%真丝斜纹绸方巾', '6A级桑蚕丝，严选特别设计', '30', '20180713141040', '<p><img alt=\"\" src=\"/wxshopping/userfiles/images/aabd4162e35a4982c20e3c9b672ace3c.jpg\" style=\"height:430px; width:430px\" /></p>\r\n', '0', '/wxshopping/userfiles/images/4b4a4926d03a261f1b83073f449d0300.png', '/wxshopping/userfiles/images/3fcff129654f00632122049265500c02.jpg', '/wxshopping/userfiles/images/7f5855c1fce2c5deb806b812f6371e53.jpg', '/wxshopping/userfiles/images/aabd4162e35a4982c20e3c9b672ace3c.jpg', '/wxshopping/userfiles/images/1c3cfe2fd4d4ba826ebf3fe16ad682ef.jpg', null, null, '299', '99', '25');
INSERT INTO `products_info` VALUES ('124', '航海系列 100%真丝斜纹绸长巾', '6A级桑蚕丝，严选特别设计', '30', '20180713141146', '<p><img alt=\"\" src=\"/wxshopping/userfiles/images/148cffce1c54ecc291501d6abb8ff123.jpg\" style=\"height:430px; width:430px\" /></p>\r\n', '0', '/wxshopping/userfiles/images/148a920c0262759a27dc1ab2b7061153.png', '/wxshopping/userfiles/images/9b7841f9fd8e32cc495ad15106b1bc12.jpg', '/wxshopping/userfiles/images/1c2061c15b7f2e738380b41ebe22473e.jpg', '/wxshopping/userfiles/images/732f5625c36455285557cfa418dd8445.jpg', '/wxshopping/userfiles/images/148cffce1c54ecc291501d6abb8ff123.jpg', null, null, '179', '99', '36');
INSERT INTO `products_info` VALUES ('125', '经典格纹丝毛混纺围巾', '围巾披肩两用，软糯如初恋', '30', '20180713141305', '<p><img alt=\"\" src=\"/wxshopping/userfiles/images/df2c487eaf91176a7484967e07ceadef.jpg\" style=\"height:430px; width:430px\" /></p>\r\n', '0', '/wxshopping/userfiles/images/c0b2e116bd67694a0393282adcb55e5d.png', '/wxshopping/userfiles/images/8a18c3d7fafdbcf944d226700aa7a19b.jpg', '/wxshopping/userfiles/images/df2c487eaf91176a7484967e07ceadef.jpg', '/wxshopping/userfiles/images/9c28ce5d0264fa97e873e211a0847022.jpg', '/wxshopping/userfiles/images/fef799a3c0ff93a3086f583ae258e220.jpg', null, null, '93', '99', '24');
INSERT INTO `products_info` VALUES ('126', '雅致羊绒混纺围巾', '欧美明星爱用的大牌感，围巾披肩两用', '30', '20180713141416', '<p><img alt=\"\" src=\"/wxshopping/userfiles/images/5862f9cba7f11dc9f0df9c342bf30e79.jpg\" style=\"height:430px; width:430px\" /></p>\r\n', '0', '/wxshopping/userfiles/images/a50f6adbdfab4df8fe929fb821c39100.png', '/wxshopping/userfiles/images/2f25d4d3fcf7960700e0fd5f0d6a0082.jpg', '/wxshopping/userfiles/images/1687be55f401240ab166ae7b53025fe2.jpg', '/wxshopping/userfiles/images/f1412673c7820bf1c17ff78983e6847b.jpg', '/wxshopping/userfiles/images/5862f9cba7f11dc9f0df9c342bf30e79.jpg', null, null, '329', '99', '25');
INSERT INTO `products_info` VALUES ('127', '日系短檐渔夫帽', '经典全棉渔夫帽，四季百搭款', '1', '20180713141534', '<p><img alt=\"\" src=\"/wxshopping/userfiles/images/1831bac12010a4e33ef693b988d00253.jpg\" style=\"height:430px; width:430px\" /></p>\r\n', '0', '/wxshopping/userfiles/images/c3afe16f2b379107844991ce8af36051.png', '/wxshopping/userfiles/images/1831bac12010a4e33ef693b988d00253.jpg', '/wxshopping/userfiles/images/102e010a8e9641f6b968a9ee3d4c9f83.jpg', '/wxshopping/userfiles/images/ef9552b9c45dd0d14cd1d385d7b2bd91.jpg', '/wxshopping/userfiles/images/5cd0d04a79002d1b9a07b5a1e20cc37f.jpg', null, null, '69', '99', '25');
INSERT INTO `products_info` VALUES ('128', '短檐蝴蝶结编织帽', 'Gucci制造商，小巧好搭配', '1', '20180713141642', '<p><img alt=\"\" src=\"/wxshopping/userfiles/images/b5d041fca11843f9d31e5e660ab3dc0e.jpg\" style=\"height:430px; width:430px\" /></p>\r\n', '0', '/wxshopping/userfiles/images/7fde50434b89bb8b02dfdd1b10f4b309.png', '/wxshopping/userfiles/images/488a155db908249822670e412814b3ef.jpg', '/wxshopping/userfiles/images/b5d041fca11843f9d31e5e660ab3dc0e.jpg', '/wxshopping/userfiles/images/7236d011d6664c5e0a72a7fdba19ee76.jpg', '/wxshopping/userfiles/images/2c724b9cf27c8819c6def365ed6e151c.jpg', null, null, '49', '99', '32');
INSERT INTO `products_info` VALUES ('129', '100%羊毛毡 优雅大檐女士毛毡帽', '百分百羊毛，法式优雅风情', '1', '20180713141744', '<p><img alt=\"\" src=\"/wxshopping/userfiles/images/20e2e0e4533b469d0817570320addda0.jpg\" style=\"height:430px; width:430px\" /></p>\r\n', '0', '/wxshopping/userfiles/images/ffbecc85f56206744d1b5309f9153407.png', '/wxshopping/userfiles/images/20e2e0e4533b469d0817570320addda0.jpg', '/wxshopping/userfiles/images/f8088816cba6e99737c50b57799418e9.jpg', '/wxshopping/userfiles/images/b6047a2d643a345156649ce8c31071da.jpg', '/wxshopping/userfiles/images/4e355fd84fdaa7168502f11b4faeea4b.jpg', null, null, '149', '99', '24');
INSERT INTO `products_info` VALUES ('130', '2双装 凉爽玉冰感袖套', '清凉防晒，保持美人肌', '1', '20180713141858', '<p><img alt=\"\" src=\"/wxshopping/userfiles/images/ba3f54a9d8bbec2d0d6122e0f4a04eb2.jpg\" style=\"height:430px; width:430px\" /></p>\r\n', '0', '/wxshopping/userfiles/images/ade1415e6f996ffb21c1f7fc072fea4a.png', '/wxshopping/userfiles/images/2e783e435afc6950a337e146e88d77c1.jpg', '/wxshopping/userfiles/images/ba3f54a9d8bbec2d0d6122e0f4a04eb2.jpg', '/wxshopping/userfiles/images/8f317c9835450cf6724e6bf7b02d52e5.jpg', '/wxshopping/userfiles/images/65ee30ded4a0c04cf5fd8ee0045bc9f0.jpg', null, null, '35', '99', '25');
INSERT INTO `products_info` VALUES ('131', '女式纯棉百搭圆领T恤', '新疆全棉的自然贴肤感', '31', '20180713151623', '<p><img alt=\"\" src=\"/wxshopping/userfiles/images/abaae855d5932ad0d1c82b1212484551.jpg\" style=\"height:430px; width:430px\" /></p>\r\n', '0', '/wxshopping/userfiles/images/ca6709fd557fb80544fa024c927b6eb9.png', '/wxshopping/userfiles/images/5e62555d58989a08d375d9a1f227553b.jpg', '/wxshopping/userfiles/images/818acd6ffde368b83d77ab73e7e6b7e8.jpg', '/wxshopping/userfiles/images/10de08678b417cab69e8ecc9b6c2d81d.jpg', '/wxshopping/userfiles/images/abaae855d5932ad0d1c82b1212484551.jpg', null, null, '49', '99', '21');
INSERT INTO `products_info` VALUES ('132', '100%纯棉 女式纯棉百搭V领T恤', 'V领勾勒的极简主义', '31', '20180713152623', '<p><img alt=\"\" src=\"/wxshopping/userfiles/images/c4dd9b2fa8d07e81c02b8e4c3935b337.jpg\" style=\"height:430px; width:430px\" /></p>\r\n', '0', '/wxshopping/userfiles/images/85b77368ca65b3b74c09f34e01477925.png', '/wxshopping/userfiles/images/d289de2dd973c47caed84cb1675ee3c3.jpg', '/wxshopping/userfiles/images/db6d5d349c34d3f0d14b0e668c8c5637.jpg', '/wxshopping/userfiles/images/161c780ea977f7d921d47d3b2c0dd8f6.jpg', '/wxshopping/userfiles/images/c4dd9b2fa8d07e81c02b8e4c3935b337.jpg', null, null, '49', '99', '36');
INSERT INTO `products_info` VALUES ('133', '女式短袖条纹T恤', '清新条纹，像是扑面而来的氧气感', '31', '20180713152725', '<p><img alt=\"\" src=\"/wxshopping/userfiles/images/b5e83ed8f2590241a40cb5b5521dfa52.jpg\" style=\"height:430px; width:430px\" /></p>\r\n', '0', '/wxshopping/userfiles/images/d6aea7d23871b052da48ba2d68ae7beb.png', '/wxshopping/userfiles/images/87b66752072de046233aca51f6de4110.jpg', '/wxshopping/userfiles/images/b5e83ed8f2590241a40cb5b5521dfa52.jpg', '/wxshopping/userfiles/images/fe3b813f67b66adf6fbe340d7ce58745.jpg', '/wxshopping/userfiles/images/b71079f5049b4dbfcfa20aa520eba730.jpg', null, null, '93', '99', '25');
INSERT INTO `products_info` VALUES ('134', '女式复古字母T恤衫', '复古潮搭，时髦新玩法', '31', '20180713152835', '<p><img alt=\"\" src=\"/wxshopping/userfiles/images/0c5a1ae6622927c5a07bab245f11ed9d.jpg\" style=\"height:430px; width:430px\" /></p>\r\n', '0', '/wxshopping/userfiles/images/cfa1118148d8fc12949cf1f7e6274248.png', '/wxshopping/userfiles/images/87b66752072de046233aca51f6de4110.jpg', '/wxshopping/userfiles/images/0c5a1ae6622927c5a07bab245f11ed9d.jpg', '/wxshopping/userfiles/images/94ec9e5ba2427ccc91ed20e7b688c085.jpg', '/wxshopping/userfiles/images/1d599a57290ca7e520ab32220310dc18.jpg', null, null, '99', '99', '23');
INSERT INTO `products_info` VALUES ('135', '女式荧光字母印花T恤', '闪亮潮搭，活力年轻', '31', '20180713152940', '<p><img alt=\"\" src=\"/wxshopping/userfiles/images/f333d5f69ba9ee4fc9c3951c6be825bb.jpg\" style=\"height:430px; width:430px\" /></p>\r\n', '0', '/wxshopping/userfiles/images/654a386fff012e640c109d870ffad69c.png', '/wxshopping/userfiles/images/4cfe45013df1fea2520ba201151a00fc.jpg', '/wxshopping/userfiles/images/f333d5f69ba9ee4fc9c3951c6be825bb.jpg', '/wxshopping/userfiles/images/a7c1c33b0451a569b00a3b16bdbcf420.jpg', '/wxshopping/userfiles/images/9cbe6312324c9c94772baa229040b817.jpg', null, null, '99', '99', '25');
INSERT INTO `products_info` VALUES ('136', '男式几何字母印花T恤', '干净清爽，盐系男孩的设计感', '31', '20180713153041', '<p><img alt=\"\" src=\"/wxshopping/userfiles/images/4ac8232443824f649ecff4ff1c101207.jpg\" style=\"height:430px; width:430px\" /></p>\r\n', '0', '/wxshopping/userfiles/images/46c4ca6b93b51e97dab8ae6308b270b9.png', '/wxshopping/userfiles/images/8caab8a9ee39c3d37d29076c8938f348.jpg', '/wxshopping/userfiles/images/4ac8232443824f649ecff4ff1c101207.jpg', '/wxshopping/userfiles/images/0db81bb90c2bcaa85c6211f0d6e3e47d.jpg', '/wxshopping/userfiles/images/7b2b1f5e725de242b5bb86ce0f9034ed.jpg', null, null, '109', '99', '25');
INSERT INTO `products_info` VALUES ('137', '男式复古字母T恤', '复古情结，有故事的T恤', '31', '20180713153144', '<p><img alt=\"\" src=\"/wxshopping/userfiles/images/9e25b53868c0d60a2038129ec39ecec3.jpg\" style=\"height:430px; width:430px\" /></p>\r\n', '0', '/wxshopping/userfiles/images/b6c826b65fefe14a2960f3ab453542fd.png', '/wxshopping/userfiles/images/9e25b53868c0d60a2038129ec39ecec3.jpg', '/wxshopping/userfiles/images/acc019ca5eabe2e9204973211c5d3ca1.jpg', '/wxshopping/userfiles/images/c3989a16de4165c19ab1afd0282e75d3.jpg', '/wxshopping/userfiles/images/ee5441a924a70691965a88af428c7cf0.jpg', null, null, '109', '99', '36');
INSERT INTO `products_info` VALUES ('138', '男式丝光棉长袖T恤', '新疆长绒棉的丝光精工', '31', '20180713153254', '<p><img alt=\"\" src=\"/wxshopping/userfiles/images/b08a8374acafc06ff4d245e2a463e5ee.jpg\" style=\"height:430px; width:430px\" /></p>\r\n', '0', '/wxshopping/userfiles/images/28ea2c80a5269369b2357fdbc25659d2.png', '/wxshopping/userfiles/images/951624f29e03e27f19f757f7f5c139fe.jpg', '/wxshopping/userfiles/images/4ea254c1bf66909d2fff466ee29599af.jpg', '/wxshopping/userfiles/images/b08a8374acafc06ff4d245e2a463e5ee.jpg', '/wxshopping/userfiles/images/ab2a384dad8190edb6717c7c1dc47bab.jpg', null, null, '83', '99', '25');
INSERT INTO `products_info` VALUES ('139', '女式无缝运动T恤', '沁凉绵软的运动季', '32', '20180713153403', '<p><img alt=\"\" src=\"/wxshopping/userfiles/images/c38f64ef136720bed146495c1a5a06f4.jpg\" style=\"height:430px; width:430px\" /></p>\r\n', '0', '/wxshopping/userfiles/images/d15bfe062ff336d0edba2fb94c626f72.png', '/wxshopping/userfiles/images/186979ba8d967430b439d6cee525d149.jpg', '/wxshopping/userfiles/images/02b6c2b77663aab683140e2aa07abf12.jpg', '/wxshopping/userfiles/images/38ddad7a09300dc070e87ec76cb13575.png', '/wxshopping/userfiles/images/c38f64ef136720bed146495c1a5a06f4.jpg', null, null, '69', '99', '24');
INSERT INTO `products_info` VALUES ('140', '女式经典纯色polo裙', '活力冻龄，轻松穿出高级感', '32', '20180713153513', '<p><img alt=\"\" src=\"/wxshopping/userfiles/images/e5820891fd8764ad778c5b1139ea069e.jpg\" style=\"height:430px; width:430px\" /></p>\r\n', '0', '/wxshopping/userfiles/images/08670b24c5867b18b3deb7db8a793bec.png', '/wxshopping/userfiles/images/161651b812896216e8f7c4e1465a90c1.png', '/wxshopping/userfiles/images/d8dce4eb17dfa4cc14016f1ecc7d1a72.jpg', '/wxshopping/userfiles/images/89c4a5e21ea1c6687e22d9c1bc3950bc.jpg', '/wxshopping/userfiles/images/e5820891fd8764ad778c5b1139ea069e.jpg', null, null, '169', '99', '25');
INSERT INTO `products_info` VALUES ('141', '女式低强度无缝运动文胸', '爱上运动，让胸部适应你的低强度', '32', '20180713153611', '<p><img alt=\"\" src=\"/wxshopping/userfiles/images/08d07f6fe36fe3b668baf20d7593dbd2.jpg\" style=\"height:430px; width:430px\" /></p>\r\n', '0', '/wxshopping/userfiles/images/89204fb860fd83902be92e36782170f4.png', '/wxshopping/userfiles/images/1240a1a96ed9bb60c4cb658b245b9edb.png', '/wxshopping/userfiles/images/08d07f6fe36fe3b668baf20d7593dbd2.jpg', '/wxshopping/userfiles/images/c43833c4f9f70e524b65ed2628f37881.jpg', '/wxshopping/userfiles/images/789e6db13e3ef76adf19194aa9ff9a7a.jpg', null, null, '59', '99', '23');
INSERT INTO `products_info` VALUES ('142', '女式分体裙式泳衣', '惊艳出场，收割回头率', '32', '20180713153713', '<p><img alt=\"\" src=\"/wxshopping/userfiles/images/512d0383b4f4f97f3de6523979407656.png\" style=\"height:430px; width:430px\" /></p>\r\n', '0', '/wxshopping/userfiles/images/75aec11a20ff7d56f1049f8b9f243f2d.png', '/wxshopping/userfiles/images/77ad19644e19d86c6ab1e827ca6c5cab.jpg', '/wxshopping/userfiles/images/512d0383b4f4f97f3de6523979407656.png', '/wxshopping/userfiles/images/988314aafefb607a5467493a3e0c2e13.jpg', '/wxshopping/userfiles/images/ff309abf9c4627d3b7c21553b2c01a84.jpg', null, null, '240', '99', '25');
INSERT INTO `products_info` VALUES ('143', '男式跑步反光短裤', '轻盈活力，解放双腿', '32', '20180713153829', '<p><img alt=\"\" src=\"/wxshopping/userfiles/images/c5248b1b3cafb94c7e3642bb7ae6bed0.jpg\" style=\"height:430px; width:430px\" /></p>\r\n', '0', '/wxshopping/userfiles/images/2868c3c30fd22ab1198298a4e0b1cce3.png', '/wxshopping/userfiles/images/c5248b1b3cafb94c7e3642bb7ae6bed0.jpg', '/wxshopping/userfiles/images/ca4b51f8e7fb63715b5f0c557b678e56.jpg', '/wxshopping/userfiles/images/af26cb0ca969a656f35607e21d323e0c.jpg', '/wxshopping/userfiles/images/6891fa2b0dce591f2071e660d08b29d9.jpg', null, null, '153', '99', '24');
INSERT INTO `products_info` VALUES ('144', '男式法国雨露棉麻短袖衬衫', '法国雨露麻的优势基因，还原清爽体验', '33', '20180713153950', '<p><img alt=\"\" src=\"/wxshopping/userfiles/images/b5a1da0478abe7691cfdca8e08f26101.jpg\" style=\"height:430px; width:430px\" /></p>\r\n', '0', '/wxshopping/userfiles/images/5db027222e9412513c1389386f68cd29.png', '/wxshopping/userfiles/images/d6314a81ea59aa474bae7837e8e7f3dc.jpg', '/wxshopping/userfiles/images/b5a1da0478abe7691cfdca8e08f26101.jpg', '/wxshopping/userfiles/images/9087544060acc7b1b2cc649b86930807.jpg', '/wxshopping/userfiles/images/84e163a5a667c1a28c1f4503e641c008.jpg', null, null, '199', '99', '25');
INSERT INTO `products_info` VALUES ('145', '男士全麻易打理短袖衬衫', '高级欧洲亚麻，给你好品质', '33', '20180713154048', '<p><img alt=\"\" src=\"/wxshopping/userfiles/images/fffd5510ce05996aae35a40a58aac3ba.jpg\" style=\"height:430px; width:430px\" /></p>\r\n', '0', '/wxshopping/userfiles/images/be4d249724639b43ebf38c58e902cd0d.png', '/wxshopping/userfiles/images/fffd5510ce05996aae35a40a58aac3ba.jpg', '/wxshopping/userfiles/images/7f2be320f1e9ea9f5dc50463de26e44a.jpg', '/wxshopping/userfiles/images/7c9902c47d9ac91e738d4f4022cbed16.jpg', '/wxshopping/userfiles/images/bac9b649590d99055721b86a884bf961.jpg', null, null, '249', '99', '23');
INSERT INTO `products_info` VALUES ('146', '男式经典牛津纺衬衫', '舒适有风度 感受一气呵成的经典', '33', '20180713154153', '<p><img alt=\"\" src=\"/wxshopping/userfiles/images/b8f0457b48caf802ff35adcbb84ad2e5.jpg\" style=\"height:430px; width:430px\" /></p>\r\n', '0', '/wxshopping/userfiles/images/bbe7dfa3c7dbd9dcfdad69e1c81f4453.png', '/wxshopping/userfiles/images/0630cab1cfdea277d8ffe6ff099ab234.jpg', '/wxshopping/userfiles/images/b8f0457b48caf802ff35adcbb84ad2e5.jpg', '/wxshopping/userfiles/images/213dfb878d7031f27f7e9351d3f5f56c.jpg', '/wxshopping/userfiles/images/eb6835e03dd812331c913e0966e8e685.jpg', null, null, '99', '99', '25');
INSERT INTO `products_info` VALUES ('147', '女式波浪圆边短袖直筒牛仔连衣裙', '两穿衣裙，浪漫不重样', '34', '20180713154306', '<p><img alt=\"\" src=\"/wxshopping/userfiles/images/f92ec7fed926c4460d3584f7b94dcb94.jpg\" style=\"height:430px; width:430px\" /></p>\r\n', '0', '/wxshopping/userfiles/images/e467d19cf724183bea7b322ef581e4a1.png', '/wxshopping/userfiles/images/c7307dda96921d567a80c20b19c975b0.jpg', '/wxshopping/userfiles/images/03a8952344ded481c61202a0a4ca41f8.jpg', '/wxshopping/userfiles/images/fddd80f33c7f47380d0af35ba7a851ac.png', '/wxshopping/userfiles/images/f92ec7fed926c4460d3584f7b94dcb94.jpg', null, null, '299', '99', '65');
INSERT INTO `products_info` VALUES ('148', '女式波浪圆边束腰牛仔A字短裙', '独爱甜美波浪腰', '34', '20180713154401', '<p><img alt=\"\" src=\"/wxshopping/userfiles/images/8c15abd4bedc783caa1c11425de6845b.jpg\" style=\"height:430px; width:430px\" /></p>\r\n', '0', '/wxshopping/userfiles/images/c496906144b68cc22a4e62f04f6ad71f.png', '/wxshopping/userfiles/images/77f3c950377ee80601e72385a40c68c4.jpg', '/wxshopping/userfiles/images/a3c56a81417f99a7fee03d7c40fed161.jpg', '/wxshopping/userfiles/images/8c15abd4bedc783caa1c11425de6845b.jpg', '/wxshopping/userfiles/images/88cdd49cc6eb4b3a5ad81c70244db12f.jpg', null, null, '249', '99', '45');
INSERT INTO `products_info` VALUES ('149', '女式优雅阔腿牛仔裤', '强烈对撞感设计，阔腿裤让你足下生风', '34', '20180713154516', '<p><img alt=\"\" src=\"/wxshopping/userfiles/images/f350a16947d095cd83747a91dd147ac4.jpg\" style=\"height:430px; width:430px\" /></p>\r\n', '0', '/wxshopping/userfiles/images/26f727db799df6813ab50fbebb11e72f.png', '/wxshopping/userfiles/images/39d272e281f70beb404daeaba6856afa.jpg', '/wxshopping/userfiles/images/f350a16947d095cd83747a91dd147ac4.jpg', '/wxshopping/userfiles/images/7cc8999d6772e036ba5a613ac3d2c2dc.jpg', '/wxshopping/userfiles/images/848b0ef01a4e8728f890a14216358d6e.jpg', null, null, '249', '99', '58');
INSERT INTO `products_info` VALUES ('150', 'OL风 女士弹力百搭锥形裤', '四季都爱，火遍时髦圈的锥形裤', '35', '20180713154833', '<p><img alt=\"\" src=\"/wxshopping/userfiles/images/1a9a889e759e811223576dfd0e23aac5.jpg\" style=\"height:430px; width:430px\" /></p>\r\n', '0', '/wxshopping/userfiles/images/aef624d1710566d57c5d678807556f82.png', '/wxshopping/userfiles/images/26a5043f01d99b38693274e828517bf0.jpg', '/wxshopping/userfiles/images/0410318db8b21869891e4637e7a42d1b.jpg', '/wxshopping/userfiles/images/4051a5b78453890767d137e0823442fb.jpg', '/wxshopping/userfiles/images/1a9a889e759e811223576dfd0e23aac5.jpg', null, null, '199', '99', '25');
INSERT INTO `products_info` VALUES ('151', '女式修身喇叭裤', '惊艳的长腿，藏着不羁的弹力灵魂', '35', '20180713154935', '<p><img alt=\"\" src=\"/wxshopping/userfiles/images/58d0dc2e8fd38956cca5775a1dbbb891.jpg\" style=\"height:430px; width:430px\" /></p>\r\n', '0', '/wxshopping/userfiles/images/aca0e25ef5dce6db37f2724a71a0d3ea.png', '/wxshopping/userfiles/images/996fb7e59212a78a7cf8493d68d16997.jpg', '/wxshopping/userfiles/images/58d0dc2e8fd38956cca5775a1dbbb891.jpg', '/wxshopping/userfiles/images/613e9b65d87e77a8b3109cbdf12d0340.jpg', '/wxshopping/userfiles/images/549816e5249416b9449e304821ccb3ea.jpg', null, null, '199', '99', '52');
INSERT INTO `products_info` VALUES ('152', '女式基础无钢圈文胸', '随身而动的安心', '36', '20180713155039', '<p><img alt=\"\" src=\"/wxshopping/userfiles/images/d057ed8782e63bfdbd53af16fc4aec79.jpg\" style=\"height:430px; width:430px\" /></p>\r\n', '0', '/wxshopping/userfiles/images/47ca37414df3f80365efce1b3dba4c9c.png', '/wxshopping/userfiles/images/39b4d1b9d3bc780529d868a8b64b641e.jpg', '/wxshopping/userfiles/images/b46c6d9f1065983460b1121f7512c297.jpg', '/wxshopping/userfiles/images/d057ed8782e63bfdbd53af16fc4aec79.jpg', '/wxshopping/userfiles/images/3a4774c6ad858b2783437529b2fca61f.jpg', null, null, '99', '99', '0');
INSERT INTO `products_info` VALUES ('153', '女式背心式文胸（可插垫）', '无痕体感，给身体放个24小时的假', '36', '20180713155139', '<p><img alt=\"\" src=\"/wxshopping/userfiles/images/30d0b792cba24c0a19298c8b1c0ebfa8.jpg\" style=\"height:430px; width:430px\" /></p>\r\n', '0', '/wxshopping/userfiles/images/1493820cd1c1dc5d89684280764bfdeb.png', '/wxshopping/userfiles/images/0e251adc924ae0c0245c7980af36cffe.jpg', '/wxshopping/userfiles/images/30d0b792cba24c0a19298c8b1c0ebfa8.jpg', '/wxshopping/userfiles/images/df6318679779d97487bceb4ea4421509.png', '/wxshopping/userfiles/images/d89773a94cc2b218107557cfb34cf749.jpg', null, null, '99', '99', '35');
INSERT INTO `products_info` VALUES ('154', '女式打底吊带', '高级打底，撩拨你的衣橱', '36', '20180713155235', '<p><img alt=\"\" src=\"/wxshopping/userfiles/images/9da1ea2d4498bfaa71b5e0c6d1d6ee37.jpg\" style=\"height:430px; width:430px\" /></p>\r\n', '0', '/wxshopping/userfiles/images/461d27583e52afb337ff79ccffe7ba95.png', '/wxshopping/userfiles/images/9da1ea2d4498bfaa71b5e0c6d1d6ee37.jpg', '/wxshopping/userfiles/images/58911df57f72957d55cd883b6444753b.jpg', '/wxshopping/userfiles/images/0a27752d09b0269cb21302e17255f7c5.jpg', '/wxshopping/userfiles/images/aed9de5f6b20ee07cc9fe2eee00d8fdf.png', null, null, '99', '99', '36');
INSERT INTO `products_info` VALUES ('155', '女式蕾丝连体塑身衣', '学会管理脂肪，合适的优雅自己', '36', '20180713155344', '<p><img alt=\"\" src=\"/wxshopping/userfiles/images/b3d911b7ceb5f14c8765e4012ef3d6b9.jpg\" style=\"height:430px; width:430px\" /></p>\r\n', '0', '/wxshopping/userfiles/images/a56973a12fe068a4323a2822304f9346.png', '/wxshopping/userfiles/images/ae5ca9cd8ae25e949afedd04d6d212f3.jpg', '/wxshopping/userfiles/images/ecace79f6e9a4d7c22732635ec4dc055.jpg', '/wxshopping/userfiles/images/712e1018fe0b8a52ff68ad52ba7d3fc7.jpg', '/wxshopping/userfiles/images/b3d911b7ceb5f14c8765e4012ef3d6b9.jpg', null, null, '169', '99', '63');
INSERT INTO `products_info` VALUES ('156', '2件装 男式基础罗纹背心', '3D立体剪裁的贴身打底', '36', '20180713155501', '<p><img alt=\"\" src=\"/wxshopping/userfiles/images/fa0d10446eaf422ccd89e2a613404d0c.jpg\" style=\"height:430px; width:430px\" /></p>\r\n', '0', '/wxshopping/userfiles/images/c16f2e74dbfb5251ef1746465acec17f.png', '/wxshopping/userfiles/images/d8cdadba309118a71b104109e45735df.jpg', '/wxshopping/userfiles/images/fa0d10446eaf422ccd89e2a613404d0c.jpg', '/wxshopping/userfiles/images/ee7ced0a78a5dd78e6b139d0cc072e6f.jpg', '/wxshopping/userfiles/images/d6a4574c6a912ec0ea08cb81d649e70b.jpg', null, null, '49', '99', '52');
INSERT INTO `products_info` VALUES ('157', '女式贴合内裤', '随身穿着，精致的愉悦感', '37', '20180713155612', '<p><img alt=\"\" src=\"/wxshopping/userfiles/images/4e6794e2a37d93fe56242aba5ab3c721.jpg\" style=\"height:430px; width:430px\" /></p>\r\n', '0', '/wxshopping/userfiles/images/8df98b2a15252e93871c271f01190ca0.png', '/wxshopping/userfiles/images/df8ecc767f819f9b6839beb7db53936f.jpg', '/wxshopping/userfiles/images/4e6794e2a37d93fe56242aba5ab3c721.jpg', '/wxshopping/userfiles/images/144e7d7c6d88cb90acd9035137cf8c8c.jpg', '/wxshopping/userfiles/images/40998a96439317a62652f17e2e172888.jpg', null, null, '49', '99', '53');
INSERT INTO `products_info` VALUES ('158', '2条装 女式超细莫代尔内裤', '莫代尔纤维清爽更细腻', '37', '20180713155722', '<p><img alt=\"\" src=\"/wxshopping/userfiles/images/d2504b083859be7b7f528277d88ab7a9.jpg\" style=\"height:430px; width:430px\" /></p>\r\n', '0', '/wxshopping/userfiles/images/b561b4b813969799947101a876b48719.png', '/wxshopping/userfiles/images/7635e2d9b8adeda0708b3239e59fafdb.jpg', '/wxshopping/userfiles/images/3c8dbcfae5a20e76c9cd91e209728166.jpg', '/wxshopping/userfiles/images/d2504b083859be7b7f528277d88ab7a9.jpg', '/wxshopping/userfiles/images/7b15564e7023d4b46d2eca26097a0c99.jpg', null, null, '79', '99', '51');
INSERT INTO `products_info` VALUES ('159', '女式一码内裤', '一种码数满足所有人', '37', '20180713155817', '<p><img alt=\"\" src=\"/wxshopping/userfiles/images/69032d5bd552fea9b32792567c88189d.jpg\" style=\"height:430px; width:430px\" /></p>\r\n', '0', '/wxshopping/userfiles/images/bf3ec70b254348196e78259818a48cfc.png', '/wxshopping/userfiles/images/e0f5e6f37723b46e1acc776fb6bd2baf.jpg', '/wxshopping/userfiles/images/69032d5bd552fea9b32792567c88189d.jpg', '/wxshopping/userfiles/images/328a1149821951b853d2e1c1cd4b9f47.jpg', '/wxshopping/userfiles/images/39e4f7d4ff97b49cef576f82db16d44e.jpg', null, null, '27', '99', '45');
INSERT INTO `products_info` VALUES ('160', '2条装 女式精梳棉内裤', '棉质面料柔软透气', '37', '20180713155925', '<p><img alt=\"\" src=\"/wxshopping/userfiles/images/bf676e6139d11867c6eeffebbde4bd3e.jpg\" style=\"height:430px; width:430px\" /></p>\r\n', '0', '/wxshopping/userfiles/images/0445a36154b8c55a48a9b0290f1454c1.png', '/wxshopping/userfiles/images/06c032b7e1068af30b1118557eb4bd84.jpg', '/wxshopping/userfiles/images/bf676e6139d11867c6eeffebbde4bd3e.jpg', '/wxshopping/userfiles/images/857e34f1a87bfc0ec4d0eb893b98a761.jpg', '/wxshopping/userfiles/images/fe6b1abec3f1986edbc436ad8763e8a3.jpg', null, null, '46', '99', '54');
INSERT INTO `products_info` VALUES ('161', '设计师款 男式海洋蓝印花内裤', '海洋印记磅礴气势，私密的图腾', '37', '20180713160031', '<p><img alt=\"\" src=\"/wxshopping/userfiles/images/1b6b88590a1674c41dac680059dd2aa7.png\" style=\"height:430px; width:430px\" /></p>\r\n', '0', '/wxshopping/userfiles/images/3f797ffc05e99e00956a6d413e9aa06d.png', '/wxshopping/userfiles/images/4b848565e5127ac7138a227f5d6852dc.jpg', '/wxshopping/userfiles/images/c074c998816ffa3e59b7ce7e218c9c4b.jpg', '/wxshopping/userfiles/images/416f562baee0889b2356b40c7ac51524.jpg', '/wxshopping/userfiles/images/1b6b88590a1674c41dac680059dd2aa7.png', null, null, '20', '99', '57');
INSERT INTO `products_info` VALUES ('162', '女式气质叠襟真丝睡衣', 'BCBG制造商，镶花滚边', '38', '20180713160153', '<p><img alt=\"\" src=\"/wxshopping/userfiles/images/a90b0b085232d2df02bc007edc36a855.jpg\" style=\"height:430px; width:430px\" /></p>\r\n', '0', '/wxshopping/userfiles/images/d87a5cc37831f20aa916e56550cbc63f.png', '/wxshopping/userfiles/images/a90b0b085232d2df02bc007edc36a855.jpg', '/wxshopping/userfiles/images/1639e9b847c1284b3ca512f89e9eef87.jpg', '/wxshopping/userfiles/images/77e1aeaa7f6bb0f1154412182bec351f.jpg', '/wxshopping/userfiles/images/565193e56ea9412cd6521a1defc56943.jpg', null, null, '389', '99', '58');
INSERT INTO `products_info` VALUES ('163', '复古绿真丝吊带套装', 'BCBG制造商，欧式复古', '38', '20180713160255', '<p><img alt=\"\" src=\"/wxshopping/userfiles/images/8747ff175160d549abcabb169e7a1c2a.jpg\" style=\"height:430px; width:430px\" /></p>\r\n', '0', '/wxshopping/userfiles/images/791aeb9abf29e18a4d4bce27fffd10fe.png', '/wxshopping/userfiles/images/0d2bd9239ac64c5ad83f822436ce936e.jpg', '/wxshopping/userfiles/images/b069716d1871fe8b5dd69580baea83fc.jpg', '/wxshopping/userfiles/images/8747ff175160d549abcabb169e7a1c2a.jpg', '/wxshopping/userfiles/images/426700576249925b0adc1aa5116a3f43.jpg', null, null, '189', '99', '56');
INSERT INTO `products_info` VALUES ('164', '男式真丝睡衣', 'ARMANI工厂，真丝素缎', '38', '20180713160416', '<p><img alt=\"\" src=\"/wxshopping/userfiles/images/3e6885b7ccd511308019e2bfdfb1f09d.jpg\" style=\"height:430px; width:430px\" /></p>\r\n', '0', '/wxshopping/userfiles/images/02443ac7e3981b8cd98cedc6884d226f.png', '/wxshopping/userfiles/images/3e6885b7ccd511308019e2bfdfb1f09d.jpg', '/wxshopping/userfiles/images/9e43ed9d322b6a6cc1925ee1be2f35db.jpg', '/wxshopping/userfiles/images/274ebd20b718fc543621c0eb791ef9ad.jpg', '/wxshopping/userfiles/images/9856d865c3ce8773ba908c361a34491e.jpg', null, null, '559', '99', '55');
INSERT INTO `products_info` VALUES ('165', '女式浪漫散摆修身连衣裙', '少即是多，浪漫圆摆气质大爱', '39', '20180713160533', '<p><img alt=\"\" src=\"/wxshopping/userfiles/images/5201ae3e373d826a9df59ee7b8582aa8.jpg\" style=\"height:430px; width:430px\" /></p>\r\n', '0', '/wxshopping/userfiles/images/368cdb01a8a2e3e62069813179c9b905.png', '/wxshopping/userfiles/images/3556c90c7cf5d678046cb780de11910c.jpg', '/wxshopping/userfiles/images/7767f73859941b57ed959dcf79b44495.jpg', '/wxshopping/userfiles/images/8d9414d0a4d6483d70d76f910548d406.jpg', '/wxshopping/userfiles/images/5201ae3e373d826a9df59ee7b8582aa8.jpg', null, null, '399', '99', '52');
INSERT INTO `products_info` VALUES ('166', '女式提花针织半裙', '黑沙漠里盛开白珍珠，优雅鱼尾裙美而屏息', '39', '20180713160630', '<p><img alt=\"\" src=\"/wxshopping/userfiles/images/8669a9c750d89d254b679a9bc5a9ebba.jpg\" style=\"height:430px; width:430px\" /></p>\r\n', '0', '/wxshopping/userfiles/images/30e9d28226755b6481e97ded1c0fece1.png', '/wxshopping/userfiles/images/8669a9c750d89d254b679a9bc5a9ebba.jpg', '/wxshopping/userfiles/images/74f3cafc23d40785585a3da6992e4a67.jpg', '/wxshopping/userfiles/images/f72a28379df7c0857aff52475364cb18.jpg', '/wxshopping/userfiles/images/fb588e2b240d89b9522da0cd6d610bb2.jpg', null, null, '259', '99', '15');
INSERT INTO `products_info` VALUES ('167', '装饰袖针织连衣裙', '百褶袖口的仙气流露，发现内敛的动人之处', '39', '20180713160732', '<p><img alt=\"\" src=\"/wxshopping/userfiles/images/161d0bd560a4ad86af154ae97d171786.jpg\" style=\"height:430px; width:430px\" /></p>\r\n', '0', '/wxshopping/userfiles/images/0f6ce0e7cf2f456c776a92fe7eddd775.png', '/wxshopping/userfiles/images/5550bac262ae63ba76925bf621802e9f.jpg', '/wxshopping/userfiles/images/161d0bd560a4ad86af154ae97d171786.jpg', '/wxshopping/userfiles/images/c4025e69fbec7870e331009d7522ab8b.jpg', '/wxshopping/userfiles/images/580c352ff5428b8ec50b562ea02fc8ba.jpg', null, null, '219', '99', '16');
INSERT INTO `products_info` VALUES ('168', '校园风廓形卫衣', '春季新品，时尚百搭', '40', '20180713160840', '<p><img alt=\"\" src=\"/wxshopping/userfiles/images/f859c6ebe786e8f8e06630093c185ef1.jpg\" style=\"height:430px; width:430px\" /></p>\r\n', '0', '/wxshopping/userfiles/images/8e5ad338b21809f4c35b712f9416869b.png', '/wxshopping/userfiles/images/81890f8b57c88930182eee3941336f90.jpg', '/wxshopping/userfiles/images/f859c6ebe786e8f8e06630093c185ef1.jpg', '/wxshopping/userfiles/images/9dcd943c7ae7fc9ed7d5df25d5660cd9.jpg', '/wxshopping/userfiles/images/a6341e3ce32a0a1707347391da5cc8d2.jpg', null, null, '125', '99', '18');
INSERT INTO `products_info` VALUES ('169', '校园风拼色立领开衫', '春季新品，时尚复古', '40', '20180713161022', '<p><img alt=\"\" src=\"/wxshopping/userfiles/images/ed5e8892c4c01a68b850c38086d95c08.jpg\" style=\"height:430px; width:430px\" /></p>\r\n', '0', '/wxshopping/userfiles/images/30b39e0db62e80c0ed20cb67699446af.png', '/wxshopping/userfiles/images/ed5e8892c4c01a68b850c38086d95c08.jpg', '/wxshopping/userfiles/images/2580dc2a03cb0c9f6b06a8234f699b91.jpg', '/wxshopping/userfiles/images/61cc9f94424d7606b19f7d14c7c8c777.jpg', '/wxshopping/userfiles/images/1a6d12222a5336a778f99fb28cb80e9d.jpg', null, null, '169', '99', '24');
INSERT INTO `products_info` VALUES ('170', '春季羊毛千鸟格套西', '经典格型，时尚百搭', '41', '20180713161133', '<p><img alt=\"\" src=\"/wxshopping/userfiles/images/f53064481dc7bcf9d7342921301160e5.jpg\" style=\"height:430px; width:430px\" /></p>\r\n', '0', '/wxshopping/userfiles/images/e1cb27bd456f80ab3bb604f3c1f7c9d5.png', '/wxshopping/userfiles/images/fcbeb969cfbb88a61428cb9d27feafd7.jpg', '/wxshopping/userfiles/images/032ad7ed7f2a1dae70b39c3ef4cb5fa1.jpg', '/wxshopping/userfiles/images/f53064481dc7bcf9d7342921301160e5.jpg', '/wxshopping/userfiles/images/232b1dea4727dcb65a7dcab3102325d1.jpg', null, null, '1299', '99', '25');
INSERT INTO `products_info` VALUES ('171', '女式气质短款毛呢大衣', '高挑干练，甜美可人都是你', '41', '20180713161236', '<p><img alt=\"\" src=\"/wxshopping/userfiles/images/db164398906e28e3dca1c6c50dd0d773.jpg\" style=\"height:430px; width:430px\" /></p>\r\n', '0', '/wxshopping/userfiles/images/91b4423d75f1088a25f804676dfaf47e.png', '/wxshopping/userfiles/images/db164398906e28e3dca1c6c50dd0d773.jpg', '/wxshopping/userfiles/images/786e74c3756e12649977ec02495738de.jpg', '/wxshopping/userfiles/images/c618289ec67a301094c7426f4a76432d.jpg', '/wxshopping/userfiles/images/5966a91993e4486856991aeaed8d49a3.jpg', null, null, '349', '99', '28');
INSERT INTO `products_info` VALUES ('172', '挖肩优雅套头修身毛衫', '精致动人，天生的女人味', '42', '20180713161352', '<p><img alt=\"\" src=\"/wxshopping/userfiles/images/a990f5e693e8d84af6e8050b14eceffb.jpg\" style=\"height:430px; width:430px\" /></p>\r\n', '0', '/wxshopping/userfiles/images/a07db521774bffd72a51b0435b54d410.png', '/wxshopping/userfiles/images/fbd1c350819828b24c1a0f2bed0e96c1.jpg', '/wxshopping/userfiles/images/a990f5e693e8d84af6e8050b14eceffb.jpg', '/wxshopping/userfiles/images/f19d78f49ba5736f297b61aa5b7576b3.jpg', '/wxshopping/userfiles/images/9b2f517c77675b63a26d3c46ed72f382.jpg', null, null, '189', '99', '29');
INSERT INTO `products_info` VALUES ('173', '100%羊毛 男式经典美利奴V领羊毛衫', '澳洲美利奴羊毛，细腻温暖伴你过一整个冬天', '42', '20180713161509', '<p><img alt=\"\" src=\"/wxshopping/userfiles/images/811fb4df5a32bd7da61dfa0aaec5a95a.jpg\" style=\"height:430px; width:430px\" /></p>\r\n', '0', '/wxshopping/userfiles/images/bfca24cafecc0a4cd902fb040a99f4ed.png', '/wxshopping/userfiles/images/811fb4df5a32bd7da61dfa0aaec5a95a.jpg', '/wxshopping/userfiles/images/b9c298385e0f06feadacc576178c82d2.jpg', '/wxshopping/userfiles/images/50a7b03825804062d2dab03393c3e94d.jpg', '/wxshopping/userfiles/images/aec359047962d2e415b0dbea38e45901.jpg', null, null, '259', '99', '34');
INSERT INTO `products_info` VALUES ('174', '3D可逆循环扇', '创新可逆模式 空气对流循环', '43', '20180713161642', '<p><img alt=\"\" src=\"/wxshopping/userfiles/images/dd6ed1fdb8ecacbfdc52c3804233b8dd.jpg\" style=\"height:430px; width:430px\" /></p>\r\n', '0', '/wxshopping/userfiles/images/5bc5b78f4b4433eada507cbf132f462b.jpg', '/wxshopping/userfiles/images/dd6ed1fdb8ecacbfdc52c3804233b8dd.jpg', '/wxshopping/userfiles/images/065b78ab64948fbc22215d88518a5868.jpg', '/wxshopping/userfiles/images/8231bbdd8bb9bf1442bb3d8146e5df36.jpg', '/wxshopping/userfiles/images/af9979bfd9b6d279f16cef154cf4710d.jpg', null, null, '499', '99', '31');
INSERT INTO `products_info` VALUES ('175', 'LED光控体感智能小夜灯 手电筒', '光控体感，一灯多用', '43', '20180713161810', '<p><img alt=\"\" src=\"/wxshopping/userfiles/images/16f292bb2401f2c0d31ad431873e4ad5.jpg\" style=\"height:430px; width:430px\" /></p>\r\n', '0', '/wxshopping/userfiles/images/0101847c50bde598d84e8c040a49a3f7.png', '/wxshopping/userfiles/images/9a3ac56b3d0bedcd49ea9fa48b2d72c2.jpg', '/wxshopping/userfiles/images/16f292bb2401f2c0d31ad431873e4ad5.jpg', '/wxshopping/userfiles/images/27e144f7bb5099e53ef924983fafbd35.jpg', '/wxshopping/userfiles/images/9bb086e25b9b76dde0a1905fee33ad1e.jpg', null, null, '79', '99', '28');
INSERT INTO `products_info` VALUES ('176', '多功能料理机/榨汁机', '搅拌机+果汁机+干磨机+绞肉机', '44', '20180713161935', '<p><img alt=\"\" src=\"/wxshopping/userfiles/images/a4c3c13ba518bcf58fa3780ffa2a84fa.jpg\" style=\"height:430px; width:430px\" /></p>\r\n', '0', '/wxshopping/userfiles/images/eb35faef2544a10650d4c39a4c2031dc.png', '/wxshopping/userfiles/images/d41233e9052502720d73bf4a9553e736.png', '/wxshopping/userfiles/images/a4c3c13ba518bcf58fa3780ffa2a84fa.jpg', '/wxshopping/userfiles/images/a220577928fd1af21e4d7827c96b935f.jpg', '/wxshopping/userfiles/images/80f0ea36a4c0f63b467c300ab127d460.jpg', null, null, '253', '99', '39');
INSERT INTO `products_info` VALUES ('177', '老板 油烟机+燃气灶套装', '赠价值899元电压力锅', '44', '20180713162053', '<p><img alt=\"\" src=\"/wxshopping/userfiles/images/406e7b91d9a91181457157000f9c6578.jpg\" style=\"height:430px; width:430px\" /></p>\r\n', '0', '/wxshopping/userfiles/images/d112aa04b4df422af1b14166b74b37f4.png', '/wxshopping/userfiles/images/fc283f2b574beb7082ff9d5287e18727.jpg', '/wxshopping/userfiles/images/406e7b91d9a91181457157000f9c6578.jpg', '/wxshopping/userfiles/images/10e47a737d9e7651e51bd11a9800b3a3.jpg', '/wxshopping/userfiles/images/13db219edf1cb5478ec7b951473373e1.jpg', null, null, '1680', '99', '37');
INSERT INTO `products_info` VALUES ('178', '家用便携式雾化器', '细腻雾化，舒适呵护', '45', '20180713162205', '<p><img alt=\"\" src=\"/wxshopping/userfiles/images/5623ced8977b22a068939a29fa077c2b.jpg\" style=\"height:430px; width:430px\" /></p>\r\n', '0', '/wxshopping/userfiles/images/578a89dd7e8d19b9662b79407498accc.png', '/wxshopping/userfiles/images/5623ced8977b22a068939a29fa077c2b.jpg', '/wxshopping/userfiles/images/48307bb25e1179b78cb945e8fcee8fe7.jpg', '/wxshopping/userfiles/images/c16d84aaf1e4f7892faeb3da373c464e.jpg', '/wxshopping/userfiles/images/3beb8995c0fff4195b47d04c872460fd.jpg', null, null, '339', '99', '35');
INSERT INTO `products_info` VALUES ('179', '随心测智能血压计', '精确测量，使用方便', '45', '20180713162314', '<p><img alt=\"\" src=\"/wxshopping/userfiles/images/b6d7d6b58600ecb9edaab476c0e9680d.jpg\" style=\"height:430px; width:430px\" /></p>\r\n', '0', '/wxshopping/userfiles/images/64f8f333a097c1454c58ed3bfde7262f.jpg', '/wxshopping/userfiles/images/b6d7d6b58600ecb9edaab476c0e9680d.jpg', '/wxshopping/userfiles/images/a347766043763ff7978700f984a5a0ee.png', '/wxshopping/userfiles/images/9860f25b06cc9624829fb374f87dd62f.jpg', '/wxshopping/userfiles/images/554c4191077c93e2e8119920263eb757.jpg', null, null, '239', '99', '43');
INSERT INTO `products_info` VALUES ('180', '无线充电器', '苹果7.5W快充 三星快充', '46', '20180713162449', '<p><img alt=\"\" src=\"/wxshopping/userfiles/images/472df7858a4d2138e2b137cab46bb009.jpg\" style=\"height:430px; width:430px\" /></p>\r\n', '0', '/wxshopping/userfiles/images/b345d68e3ae90f1e2af1599ed33d8cb4.png', '/wxshopping/userfiles/images/472df7858a4d2138e2b137cab46bb009.jpg', '/wxshopping/userfiles/images/32984725d4ef446ca1460b1a03944751.jpg', '/wxshopping/userfiles/images/d15b4dc1c16b499cea2041d8d77a1100.jpg', '/wxshopping/userfiles/images/ff3657b374213e504580938acabcd177.jpg', null, null, '129', '99', '42');
INSERT INTO `products_info` VALUES ('181', '无线充电 移动电源', '无线充电，便捷出行', '46', '20180713162607', '<p><img alt=\"\" src=\"/wxshopping/userfiles/images/10021ae081f6419ec4ce1d695da9d6a5.jpg\" style=\"height:430px; width:430px\" /></p>\r\n', '0', '/wxshopping/userfiles/images/5be592a4fdd4be9288bbe8c196a58b4b.png', '/wxshopping/userfiles/images/10021ae081f6419ec4ce1d695da9d6a5.jpg', '/wxshopping/userfiles/images/370a3e369b56ad17d4850daf710cd527.jpg', '/wxshopping/userfiles/images/c810b3d32e3bc2d43e314dfe8ca95a8c.jpg', '/wxshopping/userfiles/images/b3829823c8a903e4b3548c2a7d09a216.jpg', null, null, '119', '99', '41');
INSERT INTO `products_info` VALUES ('182', '埃菲尔蓝牙音箱-白', '纯真音质，优雅吟唱，浪漫的蓝牙音箱', '47', '20180713162741', '<p><img alt=\"\" src=\"/wxshopping/userfiles/images/42ee9a0ca369b4ec91c9bad40c0756da.jpg\" style=\"height:430px; width:430px\" /></p>\r\n', '0', '/wxshopping/userfiles/images/be37748915a47931bc9da7442b6a4f8f.png', '/wxshopping/userfiles/images/4c75bc298018761b556695ad6af3e149.jpg', '/wxshopping/userfiles/images/98c7eb50dbe38cb3698f353e168b7e2c.jpg', '/wxshopping/userfiles/images/42ee9a0ca369b4ec91c9bad40c0756da.jpg', '/wxshopping/userfiles/images/3f9c8f8988ea24c78093b4057a2fa93b.jpg', null, null, '169', '99', '53');
INSERT INTO `products_info` VALUES ('183', '谷风一木 软抽面巾纸', '销量稳居前三', '48', '20180713164907', '<p><img alt=\"\" src=\"/wxshopping/userfiles/images/38c151c04d4e8bba44c5620540a03165.jpg\" style=\"height:430px; width:430px\" /></p>\r\n', '0', '/wxshopping/userfiles/images/431a09a43914483f4d70aeda8ecb8a59.png', '/wxshopping/userfiles/images/84bf6c4e94bbfb48e456f44966932d68.jpg', '/wxshopping/userfiles/images/b69ef4d8856dd63340ba3277e4795c8f.jpg', '/wxshopping/userfiles/images/38c151c04d4e8bba44c5620540a03165.jpg', '/wxshopping/userfiles/images/43663bc080a9bde9bfd041c9c116ec58.jpg', null, null, '16', '99', '52');
INSERT INTO `products_info` VALUES ('184', '日本制造 富士山水保湿抽纸 三盒装', '三大保湿成分 呵护敏感肌肤', '48', '20180713165013', '<p><img alt=\"\" src=\"/wxshopping/userfiles/images/ed414dbcd416f2a23322a86bd39cb4c5.jpg\" style=\"height:430px; width:430px\" /></p>\r\n', '0', '/wxshopping/userfiles/images/af7362bed2b84fd814978ea803dbc994.png', '/wxshopping/userfiles/images/ed414dbcd416f2a23322a86bd39cb4c5.jpg', '/wxshopping/userfiles/images/fc88cf760d1fd060589fbf4b36a48fbb.jpg', '/wxshopping/userfiles/images/35414f4e43fa89037bb62f7a65ba11d7.jpg', '/wxshopping/userfiles/images/b4f4666830fd4e63d114388658636897.jpg', null, null, '49', '99', '53');
INSERT INTO `products_info` VALUES ('186', '脚踏式静音垃圾桶', '低音呗开合', '49', '20180713165453', '<p><img alt=\"\" src=\"/wxshopping/userfiles/images/d4d799c3f3bdaa19dbc2be107e4984aa.jpg\" style=\"height:430px; width:430px\" /></p>\r\n', '0', '/wxshopping/userfiles/images/fa28fc09ee0da223d08c8a78f3c07550.png', '/wxshopping/userfiles/images/2f800432797432dfdfdb135f98735cce.png', '/wxshopping/userfiles/images/cac63935c63dde9858030df505938bf8.jpg', '/wxshopping/userfiles/images/fcdd53a74d0112fe669059cf9d5e2f32.jpg', '/wxshopping/userfiles/images/d4d799c3f3bdaa19dbc2be107e4984aa.jpg', null, null, '89', '99', '45');
INSERT INTO `products_info` VALUES ('187', '日式和风简约无盖垃圾桶', '敞口设计 易洗易干 触手可得的洁净与精致', '49', '20180713165559', '<p><img alt=\"\" src=\"/wxshopping/userfiles/images/be2612d17d0ff5f65c1e8f033ac3c877.jpg\" style=\"height:430px; width:430px\" /></p>\r\n', '0', '/wxshopping/userfiles/images/74eb39b9cd945dd0a336a3ce0f196fbc.png', '/wxshopping/userfiles/images/5abc599d635c50f83c540250b24b5e5b.jpg', '/wxshopping/userfiles/images/50da7c74585114e299357afde42cc765.jpg', '/wxshopping/userfiles/images/4d441aee6b2bd4250a69f478320d703d.jpg', '/wxshopping/userfiles/images/be2612d17d0ff5f65c1e8f033ac3c877.jpg', null, null, '19', '99', '56');
INSERT INTO `products_info` VALUES ('188', '春风小白兔Bikini飞机杯润滑液', '小白兔bikini和水溶润滑液更配哟', '50', '20180713165737', '<p><img alt=\"\" src=\"/wxshopping/userfiles/images/fd0c833fdf3dfc14f53a832e942453b4.jpg\" style=\"height:430px; width:430px\" /></p>\r\n', '0', '/wxshopping/userfiles/images/694f390059ef811186728391eeec7135.png', '/wxshopping/userfiles/images/7461ad98d97070ef13f195a2cbcb9eb9.jpg', '/wxshopping/userfiles/images/3b94c723fe3ae919d7fb516d183d5f40.jpg', '/wxshopping/userfiles/images/fd0c833fdf3dfc14f53a832e942453b4.jpg', '/wxshopping/userfiles/images/8e1b8fdf020d01082133b863e5c9bf4c.jpg', null, null, '119', '99', '52');
INSERT INTO `products_info` VALUES ('189', '春风TryFun天然系列月半弯女用按摩棒', '专为亚洲年轻女孩设计的自我愉悦产品', '50', '20180713165918', '<p><img alt=\"\" src=\"/wxshopping/userfiles/images/4526dd0bed6af76d18c6fd4354ae67bb.jpg\" style=\"height:430px; width:430px\" /></p>\r\n', '0', '/wxshopping/userfiles/images/830bfdda1872dadc4818bbc02b20a535.png', '/wxshopping/userfiles/images/11ddfa31c576c4aba2eb609398360de5.jpg', '/wxshopping/userfiles/images/ce1f69eb6c8c2b5a9694b061edbcda38.jpg', '/wxshopping/userfiles/images/4526dd0bed6af76d18c6fd4354ae67bb.jpg', '/wxshopping/userfiles/images/0e2034b0fca82a38f5f832827b111a0d.jpg', null, null, '339', '99', '53');
INSERT INTO `products_info` VALUES ('190', 'LOVE埃及棉毛巾礼盒', '埃及长绒棉，柔软爱人心', '51', '20180713170038', '<p><img alt=\"\" src=\"/wxshopping/userfiles/images/65747f66a3cc29d9dbdfa46dfc58992c.jpg\" style=\"height:430px; width:430px\" /></p>\r\n', '0', '/wxshopping/userfiles/images/966ad762204154c1e89d24ceaada3e5b.png', '/wxshopping/userfiles/images/65747f66a3cc29d9dbdfa46dfc58992c.jpg', '/wxshopping/userfiles/images/73ed29c7f22ef286d9e64eb542774b43.jpg', '/wxshopping/userfiles/images/68da9db0de306b9379be43e56fccc867.jpg', '/wxshopping/userfiles/images/07f8349772ec2cf25e31d09c8d5ed3d6.jpg', null, null, '159', '99', '56');
INSERT INTO `products_info` VALUES ('191', '小方盖系列 水性可撕指甲油', '健康不伤甲，告别乏味跃然指尖', '52', '20180713170220', '<p><img alt=\"\" src=\"/wxshopping/userfiles/images/8ae541aa3657f5160ac3734e33c5e05f.jpg\" style=\"height:430px; width:430px\" /></p>\r\n', '0', '/wxshopping/userfiles/images/eb50f591573e87ab5a9a622b676e1510.png', '/wxshopping/userfiles/images/8ae541aa3657f5160ac3734e33c5e05f.jpg', '/wxshopping/userfiles/images/e59c28f9cf38b00779aba9df2d24008b.jpg', '/wxshopping/userfiles/images/0f85f05f8dcda474c873cfb2922c64f9.jpg', '/wxshopping/userfiles/images/f6b780fcdf037c588110dc84a9eb5286.jpg', null, null, '15', '99', '53');
INSERT INTO `products_info` VALUES ('192', '微电波美眼笔', '改善眼袋淡化细纹，眼部Spa有它就行', '53', '20180713170351', '<p><img alt=\"\" src=\"/wxshopping/userfiles/images/05e182cb5f38df9f47c189f35611de0d.jpg\" style=\"height:430px; width:430px\" /></p>\r\n', '0', '/wxshopping/userfiles/images/822bebafc5d20d9659d16ddf2bebc0c2.png', '/wxshopping/userfiles/images/5fabde22a3f54055914b400be412a912.jpg', '/wxshopping/userfiles/images/36f329eadb2c473effe62782e0b51d9e.jpg', '/wxshopping/userfiles/images/05e182cb5f38df9f47c189f35611de0d.jpg', '/wxshopping/userfiles/images/cef468786690ef384756876e8ff29888.jpg', null, null, '79', '99', '42');
INSERT INTO `products_info` VALUES ('193', '清雅白茶凝萃身体乳', '清雅白茶，愉悦身心', '54', '20180713170510', '<p><img alt=\"\" src=\"/wxshopping/userfiles/images/bf2437da0edadff541e1e5116c69d067.jpg\" style=\"height:430px; width:430px\" /></p>\r\n', '0', '/wxshopping/userfiles/images/2a3640d3c07876cfdc0307da02e4ace9.png', '/wxshopping/userfiles/images/52666626f811dea46fb0464a45022fed.jpg', '/wxshopping/userfiles/images/2fb165358a6a15aeb5d6afc5a0f401d5.jpg', '/wxshopping/userfiles/images/dc924059a5754f95c6d606924f418d98.jpg', '/wxshopping/userfiles/images/bf2437da0edadff541e1e5116c69d067.jpg', null, null, '30', '99', '53');
INSERT INTO `products_info` VALUES ('194', '可自动开合创意马桶刷', '创意收纳 省空间隔异味', '55', '20180713170700', '<p><img alt=\"\" src=\"/wxshopping/userfiles/images/bd2b48605357145d3e1ce1cabe2512dc.jpg\" style=\"height:430px; width:430px\" /></p>\r\n', '0', '/wxshopping/userfiles/images/c7b48c939faa48a66df5cfd44fd25af0.png', '/wxshopping/userfiles/images/bd2b48605357145d3e1ce1cabe2512dc.jpg', '/wxshopping/userfiles/images/cffb789670ce73fc9f637324bcfb0f9c.jpg', '/wxshopping/userfiles/images/09150087dc104acd6337f3b7af4d4cb9.jpg', '/wxshopping/userfiles/images/9dc2224dee8bb46c862af5a88ad00e08.jpg', null, null, '39', '99', '56');
INSERT INTO `products_info` VALUES ('195', '磨砂圆角桌面镜', '极简设计，高清呈像不易变形', '56', '20180713170846', '<p><img alt=\"\" src=\"/wxshopping/userfiles/images/d94e31b3ee8330d153289c440bf3e436.jpg\" style=\"height:430px; width:430px\" /></p>\r\n', '0', '/wxshopping/userfiles/images/9fc89d07ed13469b7e4b322622b1f135.png', '/wxshopping/userfiles/images/d94e31b3ee8330d153289c440bf3e436.jpg', '/wxshopping/userfiles/images/6d34c14d92da2285fb52923d781309ec.jpg', '/wxshopping/userfiles/images/669276e44a1c75609159eb3da838128b.jpg', '/wxshopping/userfiles/images/fe6b634b4a1c5a5758b772bc99d34e4c.jpg', null, null, '39', '99', '52');
INSERT INTO `products_info` VALUES ('196', '香薰蜡烛礼盒', '甜蜜的空气眷恋', '56', '20180713171038', '<p><img alt=\"\" src=\"/wxshopping/userfiles/images/11859caa12e491f51c28703a3571eb07.jpg\" style=\"height:430px; width:430px\" /></p>\r\n', '0', '/wxshopping/userfiles/images/6fbda9205d0a5670b7b9d410bbd5ffe2.png', '/wxshopping/userfiles/images/f5a8596f9ce7abd8bd01ff1cd15dd3b3.jpg', '/wxshopping/userfiles/images/11859caa12e491f51c28703a3571eb07.jpg', '/wxshopping/userfiles/images/9d55b47126b74ff4a3c42718b3753c28.jpg', '/wxshopping/userfiles/images/c142faf59c04be4fa876773de411897a.jpg', null, null, '99', '99', '42');
INSERT INTO `products_info` VALUES ('197', '活力早餐囤货私享装', '美味早餐，实力抗饿', '57', '20180713171802', '<p><img alt=\"\" src=\"/wxshopping/userfiles/images/3da74db2559f6b679ba751f3178d657a.jpg\" style=\"height:430px; width:430px\" /></p>\r\n', '0', '/wxshopping/userfiles/images/2eb5dd83f2743b2ad1eb30a72ff7c023.png', '/wxshopping/userfiles/images/1aa87898c43e2ea04accd8fa2cc70830.jpg', '/wxshopping/userfiles/images/867e1e28356d4b308d7a477960d0a8df.jpg', '/wxshopping/userfiles/images/a09703a1ed58f4610863454b75a75c89.jpg', '/wxshopping/userfiles/images/3da74db2559f6b679ba751f3178d657a.jpg', null, null, '178', '99', '41');
INSERT INTO `products_info` VALUES ('198', '爱的乐章黑巧克力礼盒 304克', '乐有终章，爱无止境', '58', '20180713171932', '<p><img alt=\"\" src=\"/wxshopping/userfiles/images/a44ac8b04af092f7f9e36d0c01ece682.jpg\" style=\"height:430px; width:430px\" /></p>\r\n', '0', '/wxshopping/userfiles/images/518be3eaba47f53c596148bc01bff322.png', '/wxshopping/userfiles/images/01922c7ebb06918a5c2dc1e9f19d60ba.jpg', '/wxshopping/userfiles/images/0cf6bff2f4c64aa657824f5e77546147.jpg', '/wxshopping/userfiles/images/a44ac8b04af092f7f9e36d0c01ece682.jpg', '/wxshopping/userfiles/images/ca1bed02665554d3acd02dfbaba0260b.jpg', null, null, '149', '99', '42');
INSERT INTO `products_info` VALUES ('199', '混合果仁 210克', '美味搭配，均衡营养', '59', '20180713172053', '<p><img alt=\"\" src=\"/wxshopping/userfiles/images/96fb563993ae385a2cb19674c8544e30.jpg\" style=\"height:430px; width:430px\" /></p>\r\n', '0', '/wxshopping/userfiles/images/e986d66a2c6270d5a9a0f158379c6d52.png', '/wxshopping/userfiles/images/96fb563993ae385a2cb19674c8544e30.jpg', '/wxshopping/userfiles/images/223dd0b8f52f7cec7064e49d4333351f.jpg', '/wxshopping/userfiles/images/ab53c59e7803253850e6eb36ee32f49c.jpg', '/wxshopping/userfiles/images/45a439710b3912503885a86aef6df01d.jpg', null, null, '39', '99', '12');
INSERT INTO `products_info` VALUES ('200', '食力果蔬大礼包', '原香原色，冻干美味', '60', '20180713172207', '<p><img alt=\"\" src=\"/wxshopping/userfiles/images/85bdfdb3d229208593d0a19230424117.jpg\" style=\"height:430px; width:430px\" /></p>\r\n', '0', '/wxshopping/userfiles/images/872f78652f6bef0f3f313c5f92f803d3.png', '/wxshopping/userfiles/images/233498d6fd6ee267f2de77eb0566a1e3.jpg', '/wxshopping/userfiles/images/3088b61a2da83f71cbe82f04a94550c2.jpg', '/wxshopping/userfiles/images/866ee0330dca86a69c869b0f0f9d451d.jpg', '/wxshopping/userfiles/images/85bdfdb3d229208593d0a19230424117.jpg', null, null, '99', '99', '13');
INSERT INTO `products_info` VALUES ('201', '活力赋能零食礼包', '鲜香满溢，大快朵颐', '61', '20180713172348', '<p><img alt=\"\" src=\"/wxshopping/userfiles/images/e6ab9f9e5b9b0e75149fb77a3ec4e289.jpg\" style=\"height:430px; width:430px\" /></p>\r\n', '0', '/wxshopping/userfiles/images/77d6e4f74dafeb3b09de23eb56db3610.png', '/wxshopping/userfiles/images/e6ab9f9e5b9b0e75149fb77a3ec4e289.jpg', '/wxshopping/userfiles/images/8093e85f3ffa606dbf7f23fa924acfa6.jpg', '/wxshopping/userfiles/images/97fc9b086b2e16d9e425bcaf4bc2ba4d.jpg', '/wxshopping/userfiles/images/e31586c89de70d7f8a16e50d81122b6c.jpg', null, null, '129', '99', '15');
INSERT INTO `products_info` VALUES ('202', '奇亚籽谷物脆水果燕麦片 800克', '缤纷果干，网红颜值', '62', '20180713172509', '<p><img alt=\"\" src=\"/wxshopping/userfiles/images/d34bb1e832cd6d71802f98654b7351cd.jpg\" style=\"height:430px; width:430px\" /></p>\r\n', '0', '/wxshopping/userfiles/images/d8c4f634d7c3a736afba924330ee558a.png', '/wxshopping/userfiles/images/c62681a70961accac21c94de5c2c3c27.jpg', '/wxshopping/userfiles/images/d34bb1e832cd6d71802f98654b7351cd.jpg', '/wxshopping/userfiles/images/1aa7b9232655dfca2647dcc5130daef4.jpg', '/wxshopping/userfiles/images/f8a78985aec3da2a70454803ac9cdda9.jpg', null, null, '59', '99', '15');
INSERT INTO `products_info` VALUES ('203', '武夷岩茶 纯种大红袍100克', '岩茶精髓，岩韵显著', '63', '20180713172632', '<p><img alt=\"\" src=\"/wxshopping/userfiles/images/00c141342d72c0f784667c9aa84bf128.jpg\" style=\"height:430px; width:430px\" /></p>\r\n', '0', '/wxshopping/userfiles/images/9b144166fa1d9684fda3ac967fe9d88c.png', '/wxshopping/userfiles/images/066a68a0f9db7dde1a2e43a411e6cbf2.jpg', '/wxshopping/userfiles/images/7d88cf5801a7e43d86437b2373a0237a.jpg', '/wxshopping/userfiles/images/00c141342d72c0f784667c9aa84bf128.jpg', '/wxshopping/userfiles/images/db4dbbce56282a99c3befcf9ff79d88b.jpg', null, null, '2188', '99', '43');
INSERT INTO `products_info` VALUES ('204', '挚爱佳酿 6款组合葡萄酒', '单一葡萄品种，各具特色', '64', '20180713172834', '<p><img alt=\"\" src=\"/wxshopping/userfiles/images/2f309bd3859439433ec2713dd647f217.jpg\" style=\"height:430px; width:430px\" /></p>\r\n', '0', '/wxshopping/userfiles/images/8233d29e1a716a75c1e88a755f219507.png', '/wxshopping/userfiles/images/13335c6b748408ebdc1be5ba54e83863.jpg', '/wxshopping/userfiles/images/d482f925b18f3bbee9d73a388c354df7.jpg', '/wxshopping/userfiles/images/a8cf6fc0b2f87a19604d74802611bfef.jpg', '/wxshopping/userfiles/images/2f309bd3859439433ec2713dd647f217.jpg', null, null, '479', '99', '46');
INSERT INTO `products_info` VALUES ('205', '马来西亚 洁净燕窝（燕盏）', '凝丝成盏，缕缕柔滑', '65', '20180713173020', '<p><img alt=\"\" src=\"/wxshopping/userfiles/images/bf673b734552936eda2c64c733cd6152.jpg\" style=\"height:430px; width:430px\" /></p>\r\n', '0', '/wxshopping/userfiles/images/9cdae54c3c2434ed1f6f2fa6d5fa270d.png', '/wxshopping/userfiles/images/501ea9c0afc77fb2874499b8334baaac.jpg', '/wxshopping/userfiles/images/bf673b734552936eda2c64c733cd6152.jpg', '/wxshopping/userfiles/images/e4e28ca1e36274b16dacfb2a13f21cda.jpg', '/wxshopping/userfiles/images/3661b14113fe2da5ed110d3438709050.jpg', null, null, '359', '99', '49');
INSERT INTO `products_info` VALUES ('206', '亚马逊雨林物语 马克杯 河马杯', '描金盖镝，广口大肚', '66', '20180713173206', '<p><img alt=\"\" src=\"/wxshopping/userfiles/images/a518a78c628f54179e62b846af3a611b.jpg\" style=\"height:430px; width:430px\" /></p>\r\n', '0', '/wxshopping/userfiles/images/80bffddc0d5d1ddc703e07a0f1a096f1.png', '/wxshopping/userfiles/images/b11e69de29f0c1a6283d60c5d3834f47.jpg', '/wxshopping/userfiles/images/a518a78c628f54179e62b846af3a611b.jpg', '/wxshopping/userfiles/images/99f097144fce9881c8c1dd4344b08c60.jpg', '/wxshopping/userfiles/images/2a36d3dc6fefabccefc761aa6fc1b7a1.jpg', null, null, '119', '99', '54');
INSERT INTO `products_info` VALUES ('207', '4人装 珍稀动物餐具 22头', 'G20国宴用瓷 环保珍稀动物主题', '67', '20180713173331', '<p><img alt=\"\" src=\"/wxshopping/userfiles/images/3b1cc10a112d020c310dc30be12ada80.jpg\" style=\"height:430px; width:430px\" /></p>\r\n', '0', '/wxshopping/userfiles/images/ae8c72de6df1186ca3924b52aa80dbd7.png', '/wxshopping/userfiles/images/49099214d165dc30f24352ebee8aa2bd.jpg', '/wxshopping/userfiles/images/f5d1fe2890a6a69e6bb1b7871d8656d2.jpg', '/wxshopping/userfiles/images/3b1cc10a112d020c310dc30be12ada80.jpg', '/wxshopping/userfiles/images/f82e30a9264008a8a6434e96a9906a4e.jpg', null, null, '1199', '99', '52');
INSERT INTO `products_info` VALUES ('208', '100年传世珐琅锅 全家系列', '仅售供应商建议价的1/7', '68', '20180713184134', '<p><img alt=\"\" src=\"/wxshopping/userfiles/images/060492b9f61f6a000a1f470a6d1d716d.jpg\" style=\"height:430px; width:430px\" /></p>\r\n', '0', '/wxshopping/userfiles/images/ff727609ee2f7e76a16314af7f5876ff.png', '/wxshopping/userfiles/images/060492b9f61f6a000a1f470a6d1d716d.jpg', '/wxshopping/userfiles/images/72e18f0492fdeea1d1440bd10494cbf1.jpg', '/wxshopping/userfiles/images/c7f48352f895b6ad1857bd8823769e53.jpg', '/wxshopping/userfiles/images/295c304a3315fb53672936956d37767e.jpg', null, null, '398', '99', '53');
INSERT INTO `products_info` VALUES ('209', '10包囤货装 抽取式懒人抹布', '加厚无纺布，有塑点更耐磨', '69', '20180713184306', '<p><img alt=\"\" src=\"/wxshopping/userfiles/images/fe4458946cde1a5e2da43b04cae9ea60.jpg\" style=\"height:430px; width:430px\" /></p>\r\n', '0', '/wxshopping/userfiles/images/634fb3c6bdb03864672d82f88e5b6e24.png', '/wxshopping/userfiles/images/fe4458946cde1a5e2da43b04cae9ea60.jpg', '/wxshopping/userfiles/images/a33d1b076870b470b1763fa6df241982.jpg', '/wxshopping/userfiles/images/1b4db18f09a5e8a8d44704f1428c675a.jpg', '/wxshopping/userfiles/images/9953e439b051da4f366ba7a3f03fbd86.jpg', null, null, '169', '99', '12');
INSERT INTO `products_info` VALUES ('210', '素风 调味瓶罐收纳架', '高低瓶罐，轻松收纳', '70', '20180713184509', '<p><img alt=\"\" src=\"/wxshopping/userfiles/images/3ad08ec60e05c32a79ef8c78119169aa.jpg\" style=\"height:430px; width:430px\" /></p>\r\n', '0', '/wxshopping/userfiles/images/c8b6058f6b1dcc4fe6777145d328fb1d.png', '/wxshopping/userfiles/images/3ad08ec60e05c32a79ef8c78119169aa.jpg', '/wxshopping/userfiles/images/39e33e01846370b8e8f2e4cab2a9f4e1.jpg', '/wxshopping/userfiles/images/42acdd56003ed5c447aa07cdd2613139.jpg', '/wxshopping/userfiles/images/6bbc786e1123d603fc83efe518eb3f09.jpg', null, null, '79', '99', '52');
INSERT INTO `products_info` VALUES ('211', '精致厨房爆款组合', '爆款炊具，限量送199元琥珀餐具', '70', '20180713184633', '<p><img alt=\"\" src=\"/wxshopping/userfiles/images/585a6220585fa4fd472a591e876375c5.jpg\" style=\"height:430px; width:430px\" /></p>\r\n', '0', '/wxshopping/userfiles/images/c31b016e3e4f026b9ce4a50265a374ae.png', '/wxshopping/userfiles/images/a72632879f702320ec072af5d164e563.jpg', '/wxshopping/userfiles/images/1b46ef6f8b37b4c7bbc9d916c9d5d7cd.jpg', '/wxshopping/userfiles/images/585a6220585fa4fd472a591e876375c5.jpg', '/wxshopping/userfiles/images/fa3b0d6f3fd4215c69e475438e17f63b.jpg', null, null, '797', '99', '56');
INSERT INTO `products_info` VALUES ('212', '孕产妇可哺乳背心T恤两件套', '便捷两件套 外出更从容', '71', '20180713184833', '<p><img alt=\"\" src=\"/wxshopping/userfiles/images/0db0e19caba6211e62924a2698d23277.jpg\" style=\"height:430px; width:430px\" /></p>\r\n', '0', '/wxshopping/userfiles/images/00293418dc2cefc3c47f44597f296543.png', '/wxshopping/userfiles/images/d63f3e2006effd20866b183c7f78f78c.jpg', '/wxshopping/userfiles/images/8ee501de44951aa41bea9c13ce223ef9.jpg', '/wxshopping/userfiles/images/a2f87383b34511b5a7fd9ecdb055a427.jpg', '/wxshopping/userfiles/images/0db0e19caba6211e62924a2698d23277.jpg', null, null, '99', '88', '52');
INSERT INTO `products_info` VALUES ('213', '儿童积木礼盒', '积木+拖拉小象，套装更划算', '72', '20180713185030', '<p><img alt=\"\" src=\"/wxshopping/userfiles/images/e969ac959eac11d6f4849b932f6fb2f8.jpg\" style=\"height:430px; width:430px\" /></p>\r\n', '0', '/wxshopping/userfiles/images/e2ba46d0646ddc375dd8d85fc427035f.png', '/wxshopping/userfiles/images/6c9770a73a633c607e536350087cc6e0.jpg', '/wxshopping/userfiles/images/9943bf6fcc84c629cced8abcef7c3314.jpg', '/wxshopping/userfiles/images/05cb8a9d3fcebd454dffda64ebc6289e.jpg', '/wxshopping/userfiles/images/e969ac959eac11d6f4849b932f6fb2f8.jpg', null, null, '139', '99', '54');
INSERT INTO `products_info` VALUES ('214', '儿童汽车安全座椅9个月-12岁', 'isofix接口，安全舒适', '74', '20180713185406', '<p><img alt=\"\" src=\"/wxshopping/userfiles/images/62cf31cb00654b07f7b9e0edd3b1d94d.jpg\" style=\"height:430px; width:430px\" /></p>\r\n', '0', '/wxshopping/userfiles/images/e8f89a424a3fe413151a07f1399561fd.png', '/wxshopping/userfiles/images/c610b7b2dec028589b9923d0bf55eb3a.jpg', '/wxshopping/userfiles/images/f997eebae09fd4dc327fa8be421dc996.jpg', '/wxshopping/userfiles/images/62cf31cb00654b07f7b9e0edd3b1d94d.jpg', '/wxshopping/userfiles/images/0573921e2869d7a4e38ea07686a59871.jpg', null, null, '1199', '99', '12');
INSERT INTO `products_info` VALUES ('215', '聚丙烯名片收纳夹240卡位', '240卡位强力收纳卡片', '75', '20180713185751', '<p><img alt=\"\" src=\"/wxshopping/userfiles/images/30b4f8ba84219a2209def2478e43b0aa.jpg\" style=\"height:430px; width:430px\" /></p>\r\n', '0', '/wxshopping/userfiles/images/457cdafd1f20074e568e857da0107c1d.png', '/wxshopping/userfiles/images/379a2da9ace52038ee32aa5a6dd9e2d8.jpg', '/wxshopping/userfiles/images/b524907c21861cc5279ea1d3b276b31c.jpg', '/wxshopping/userfiles/images/30b4f8ba84219a2209def2478e43b0aa.jpg', '/wxshopping/userfiles/images/a97694f19fae6e8928adb9177637b9c3.jpg', null, null, '19', '99', '23');
INSERT INTO `products_info` VALUES ('216', '石墨烯腰带 尊享版', '支撑发热，舒适放松', '76', '20180713190121', '<p><img alt=\"\" src=\"/wxshopping/userfiles/images/9b31cda400a33454fada6c0166d9f2aa.jpg\" style=\"height:430px; width:430px\" /></p>\r\n', '0', '/wxshopping/userfiles/images/84941e91da353de264c565e41110b88d.png', '/wxshopping/userfiles/images/41213d24ae8afad13b47b4772e824343.jpg', '/wxshopping/userfiles/images/f4ff1b712bc6a040d4b9bc2fc77ca973.jpg', '/wxshopping/userfiles/images/9b31cda400a33454fada6c0166d9f2aa.jpg', '/wxshopping/userfiles/images/b6abb26742b1798a584691c8d64e4976.jpg', null, null, '359', '99', '31');
INSERT INTO `products_info` VALUES ('217', '瑞鸣收藏版CD-月儿弯弯照九州', '月光闪烁，双重邂逅', '77', '20180713190309', '<p><img alt=\"\" src=\"/wxshopping/userfiles/images/3fab07ac4d70a62ca02dd618f0dbccbf.jpg\" style=\"height:430px; width:430px\" /></p>\r\n', '0', '/wxshopping/userfiles/images/5cdb3a04ed2cf25207e9ff37c12d5738.png', '/wxshopping/userfiles/images/8d73ef303f2a69f42c7b98db05f42115.jpg', '/wxshopping/userfiles/images/0fb65e91661003107d167195fda454d6.jpg', '/wxshopping/userfiles/images/3fab07ac4d70a62ca02dd618f0dbccbf.jpg', '/wxshopping/userfiles/images/f6f711f6632ee6bd2f9b3b992cb668bd.jpg', null, null, '49', '99', '25');
INSERT INTO `products_info` VALUES ('218', '20片装 日本制造 薰衣草睡眠足贴', '天然成分足贴 薰衣草改善睡眠', '80', '20180713190451', '<p><img alt=\"\" src=\"/wxshopping/userfiles/images/a4f2b50a7df567c819e6f23d624e6e80.jpg\" style=\"height:430px; width:430px\" /></p>\r\n', '0', '/wxshopping/userfiles/images/7326e273b6d073b5cc694e8362c39bb8.png', '/wxshopping/userfiles/images/d2240eaa9adefcecbad0e35c4b872641.jpg', '/wxshopping/userfiles/images/f7659700098363a8c7ef824a3c06d2f7.jpg', '/wxshopping/userfiles/images/dc5365f4cf2efcbcc2cef8b04593454f.jpg', '/wxshopping/userfiles/images/a4f2b50a7df567c819e6f23d624e6e80.jpg', null, null, '69', '99', '45');
INSERT INTO `products_info` VALUES ('219', '韩国制造 乳清蛋白代餐粉（可可味）', '低卡持久饱腹 便携冷水即冲', '81', '20180713210342', '<p><img alt=\"\" src=\"/wxshopping/userfiles/images/e6bb9df2bcef39e3af7187efb8dc3b36.jpg\" style=\"height:430px; width:430px\" /></p>\r\n', '0', '/wxshopping/userfiles/images/9298a0ca433111df3591b3b8a686d9b4.png', '/wxshopping/userfiles/images/866bbcf696aba7fd79e2f12993bfdfe4.jpg', '/wxshopping/userfiles/images/e6bb9df2bcef39e3af7187efb8dc3b36.jpg', '/wxshopping/userfiles/images/ac41663635edb1ca5837d83fdc90e33f.jpg', '/wxshopping/userfiles/images/3cb2da1c68e72fb9dacffbac59ef7f8d.jpg', null, null, '29', '99', '56');
INSERT INTO `products_info` VALUES ('220', '泰国制造 天然乳胶颗粒U形枕', '呵护颈椎健康 多功能颈枕', '82', '20180713210534', '<p><img alt=\"\" src=\"/wxshopping/userfiles/images/e1f9d609782bc4f889b9ace2e3220dc9.jpg\" style=\"height:430px; width:430px\" /></p>\r\n', '0', '/wxshopping/userfiles/images/26d029b4becd77b8b1521169175c144d.png', '/wxshopping/userfiles/images/1294814430b9edc1c4c6828dd2f2b3cd.jpg', '/wxshopping/userfiles/images/9dc9689671366dbc4be2653479a0af98.jpg', '/wxshopping/userfiles/images/e1f9d609782bc4f889b9ace2e3220dc9.jpg', '/wxshopping/userfiles/images/b78927f6564b4caf4b4a6dab2551d92d.jpg', null, null, '99', '99', '21');
INSERT INTO `products_info` VALUES ('221', '美国制造 除甲醛空气净化剂227g', '有效吸收甲醛、去除空间异味', '82', '20180713210723', '<p><img alt=\"\" src=\"/wxshopping/userfiles/images/7df1c3f416ad70094a294c95108edad3.jpg\" style=\"height:430px; width:430px\" /></p>\r\n', '0', '/wxshopping/userfiles/images/92d8551bba1f14e045bbb44edadf4669.png', '/wxshopping/userfiles/images/7df1c3f416ad70094a294c95108edad3.jpg', '/wxshopping/userfiles/images/2de3494c8b2f08a6bfa70eda07e76e5a.jpg', '/wxshopping/userfiles/images/4cd9f053885117bc7e1db6d828541334.jpg', '/wxshopping/userfiles/images/3e3aa60ffe14fa50ac29313f7df35358.jpg', null, null, '49', '99', '45');
INSERT INTO `products_info` VALUES ('222', '澳洲直采 混酿干红葡萄酒 750毫升', '百年双红名庄，大奖酒款', '83', '20180713211025', '<p><img alt=\"\" src=\"/wxshopping/userfiles/images/cb1d3b0aa29d6fa512f58c3976d4a0e2.jpg\" style=\"height:430px; width:430px\" /></p>\r\n', '0', '/wxshopping/userfiles/images/a69b9dab6a689cfb4343d83ed58eed0f.png', '/wxshopping/userfiles/images/561f3ae5787ae277fd2a1f7dc6cf8ad8.jpg', '/wxshopping/userfiles/images/b76bf03d64b075001d153514da91047b.jpg', '/wxshopping/userfiles/images/cb1d3b0aa29d6fa512f58c3976d4a0e2.jpg', '/wxshopping/userfiles/images/6e287267c862e007dd8330b6a5cfc68e.jpg', null, null, '99', '99', '52');
INSERT INTO `products_info` VALUES ('223', '新西兰制造 麦卢卡蜂蜜MG100+', '新西兰国宝级蜂蜜', '83', '20180713211337', '<p><img alt=\"\" src=\"/wxshopping/userfiles/images/ff35bb79a48bfd1baadccbf7edc38809.jpg\" style=\"height:430px; width:430px\" /></p>\r\n', '0', '/wxshopping/userfiles/images/6a276660d84418541c15b79e83d1fca5.png', '/wxshopping/userfiles/images/3a69e6847f6002073199fe4c4fab1fc2.jpg', '/wxshopping/userfiles/images/f099943ad23551fed222cfe8915a5b3b.jpg', '/wxshopping/userfiles/images/71465e5f57d5732ca7c2b2afffaeadcb.jpg', '/wxshopping/userfiles/images/ff35bb79a48bfd1baadccbf7edc38809.jpg', null, null, '109', '99', '45');
INSERT INTO `products_info` VALUES ('224', '新西兰制造 酸奶粉草莓味', '亲子互动 乐享酸甜草莓味', '84', '20180713212857', '<p><img alt=\"\" src=\"/wxshopping/userfiles/images/41c8b48e0c98cdd3764e3dba0d232dac.jpg\" style=\"height:430px; width:430px\" /></p>\r\n', '0', '/wxshopping/userfiles/images/86740f542e485f88c6d3f532bc768e09.png', '/wxshopping/userfiles/images/86aefa7c4758079ae4627104b5c1aab7.jpg', '/wxshopping/userfiles/images/41c8b48e0c98cdd3764e3dba0d232dac.jpg', '/wxshopping/userfiles/images/01d0142653b3b7a0918167cd15665293.jpg', '/wxshopping/userfiles/images/b22c2b1d9c8f3072e1e32c47ff7d75f7.jpg', null, null, '39', '99', '56');
INSERT INTO `products_info` VALUES ('225', '日式无线按摩靠枕', '靠枕、按摩功能二合一，3D揉捏，异步按摩', '85', '20180713213104', '<p><img alt=\"\" src=\"/wxshopping/userfiles/images/09d7668fe49e766acfbe0dc6c67f3082.jpg\" style=\"height:430px; width:430px\" /></p>\r\n', '0', '/wxshopping/userfiles/images/6a60fa16414a9f9ee9e5b92cc540183b.png', '/wxshopping/userfiles/images/09d7668fe49e766acfbe0dc6c67f3082.jpg', '/wxshopping/userfiles/images/9847ab898901db0d908b702233bc1fe5.jpg', '/wxshopping/userfiles/images/ada45c24a5a98bf06615ad8633f285dd.jpg', '/wxshopping/userfiles/images/9842e86cc5fa081b7f870a42e9533a67.jpg', null, null, '369', '99', '25');
INSERT INTO `products_info` VALUES ('226', '全棉针织条纹四件套 新款', '超柔针织棉，亲肤可裸睡', '2', '20180713233050', '<p><img alt=\"\" src=\"/wxshopping/userfiles/images/1e112d632a40935aae55b14c529000a0.jpg\" style=\"height:430px; width:430px\" /></p>\r\n', '0', '/wxshopping/userfiles/images/1e112d632a40935aae55b14c529000a0.jpg', '/wxshopping/userfiles/images/3133343366e12464268eee6e21e78b46.jpg', '/wxshopping/userfiles/images/fffb1322337ad58526ba69e5738b9c7f.jpg', '/wxshopping/userfiles/images/f0ea6252b2d462f4c555623d1346bca8.jpg', '/wxshopping/userfiles/images/b44f0afe5bc036d8ece12f0ccc02a039.jpg', null, null, '289', '99', '52');
INSERT INTO `products_info` VALUES ('227', '雨前西湖龙井（老茶树） 100克', '2018新茶，高山老茶树茶，香醇味浓', '3', '20180713233259', '<p><img alt=\"\" src=\"/wxshopping/userfiles/images/9a20fbaa7555aa562a3e78f9c0cdfba2.jpg\" style=\"height:430px; width:430px\" /></p>\r\n', '0', '/wxshopping/userfiles/images/a77b1be5b96eb5e31ffb9e6d2f7c1aff.png', '/wxshopping/userfiles/images/9a20fbaa7555aa562a3e78f9c0cdfba2.jpg', '/wxshopping/userfiles/images/d3f48fdc45c8b0a37ff65e67e034f19c.jpg', '/wxshopping/userfiles/images/1135826cfd4da33cc5baf00d368cc957.jpg', '/wxshopping/userfiles/images/c371dd00203f3714e87895e0e90a353a.jpg', null, null, '148', '99', '12');
INSERT INTO `products_info` VALUES ('228', '日本制造 九州大麦若叶青汁', '使用低聚糖，每条低至11.61kcal', '4', '20180713233446', '<p><img alt=\"\" src=\"/wxshopping/userfiles/images/cc906d2458ce144c28aae34ea7818c05.jpg\" style=\"height:430px; width:430px\" /></p>\r\n', '0', '/wxshopping/userfiles/images/39cc83c6af59a14e1465e9805e4b0a1d.png', '/wxshopping/userfiles/images/0ec1aee122c1435c2ef508b3a3b29e11.jpg', '/wxshopping/userfiles/images/373f1d69610eec4a957191fa5375e683.jpg', '/wxshopping/userfiles/images/8d57b713f5f7ba8d9f567775faa8b458.jpg', '/wxshopping/userfiles/images/cc906d2458ce144c28aae34ea7818c05.jpg', null, null, '99', '99', '23');
INSERT INTO `products_info` VALUES ('229', '2件装 猫咪印花 荷叶边T恤（ 女童）', '超乎想象的柔软材质', '7', '20180713233709', '<p><img alt=\"\" src=\"/wxshopping/userfiles/images/decbdce0e0d1803f770bec34270421d0.jpg\" style=\"height:430px; width:430px\" /></p>\r\n', '0', '/wxshopping/userfiles/images/333abdbf71ea74d0c6a019458efb8de8.png', '/wxshopping/userfiles/images/decbdce0e0d1803f770bec34270421d0.jpg', '/wxshopping/userfiles/images/03ec7c9c3a727af506465aac92d7721a.jpg', '/wxshopping/userfiles/images/f4735f9cff75fc804c50c90591d54cc1.jpg', '/wxshopping/userfiles/images/67a28e2bb64c496a0f65ec0cf0d33cc6.jpg', null, null, '99', '99', '45');
INSERT INTO `products_info` VALUES ('230', '女式抽绳长袖条纹 T恤', '给身体另类享受，做条纹的酷女孩', '5', '20180713233909', '<p><img alt=\"\" src=\"/wxshopping/userfiles/images/fce6544f9120ade856f6266b6ed52e52.jpg\" style=\"height:430px; width:430px\" /></p>\r\n', '0', '/wxshopping/userfiles/images/fe74e9094887328abb290730040d57a3.png', '/wxshopping/userfiles/images/36ff24b5b3ec3916957c8c7bc33cd30c.jpg', '/wxshopping/userfiles/images/fce6544f9120ade856f6266b6ed52e52.jpg', '/wxshopping/userfiles/images/bfdcabaab93d6b104f5592aae6e28950.jpg', '/wxshopping/userfiles/images/2513d80e9979ef2f1cb729a43e72b565.jpg', null, null, '89', '99', '52');
INSERT INTO `products_info` VALUES ('231', '阴阳师主题短袖T恤', '国产和风 匠心巨制', '6', '20180713234134', '<p><img alt=\"\" src=\"/wxshopping/userfiles/images/e35121c28b9ec63f9f81ddb98f668293.jpg\" style=\"height:430px; width:430px\" /></p>\r\n', '0', '/wxshopping/userfiles/images/4311cacd2c0661d3b221544b4da778e1.png', '/wxshopping/userfiles/images/3f57284eaec280298ece7bb726e69563.jpg', '/wxshopping/userfiles/images/e35121c28b9ec63f9f81ddb98f668293.jpg', '/wxshopping/userfiles/images/05a72050c7418814b4ed94382f77b8bb.jpg', '/wxshopping/userfiles/images/d5d9b96349e20ab9826e68aa26875a86.jpg', null, null, '49', '99', '12');
INSERT INTO `products_info` VALUES ('232', '条纹金属扣女士人字拖鞋', 'tory burch原厂制造，凉爽清透', '8', '20180713234402', '<p><img alt=\"\" src=\"/wxshopping/userfiles/images/70ab88bea3287baf57bede8315f0a4c0.jpg\" style=\"height:430px; width:430px\" /></p>\r\n', '0', '/wxshopping/userfiles/images/30b0d2fa9abd29977ac91ebc999431c9.png', '/wxshopping/userfiles/images/2d03c789fee0e6acc665f1ade512723a.jpg', '/wxshopping/userfiles/images/cd5850203ab37f9969fea92f904ce45f.jpg', '/wxshopping/userfiles/images/ed1457a7cb9da559b6dbce85bc4f79ea.jpg', '/wxshopping/userfiles/images/70ab88bea3287baf57bede8315f0a4c0.jpg', null, null, '30', '99', '113');
INSERT INTO `products_info` VALUES ('233', '马来西亚直采 椰子水 330毫升*12瓶', '非浓缩还原，低卡零脂肪', '88', '20180713234611', '<p><img alt=\"\" src=\"/wxshopping/userfiles/images/ed5b14d7ad45e00b242d0ba7820bc278.jpg\" style=\"height:430px; width:430px\" /></p>\r\n', '0', '/wxshopping/userfiles/images/bd2842f9eda908dae2d71f980eeb282e.png', '/wxshopping/userfiles/images/ed5b14d7ad45e00b242d0ba7820bc278.jpg', '/wxshopping/userfiles/images/089e91e4dfdd6db84510fa9a87a8db69.jpg', '/wxshopping/userfiles/images/17493648039a34ad21e800601fee4164.jpg', '/wxshopping/userfiles/images/2a9d5c8796a345c23f9ebb2c686f0199.jpg', null, null, '99', '99', '25');
INSERT INTO `products_info` VALUES ('234', '儿童餐具套装宝宝喂养礼盒', '保温碗，牛奶杯，叉勺应有尽有', '89', '20180713234945', '<p><img alt=\"\" src=\"/wxshopping/userfiles/images/4f90105c0f660359c5db26a4b74902d7.jpg\" style=\"height:430px; width:430px\" /></p>\r\n', '0', '/wxshopping/userfiles/images/02d7b26e76a9709e140beda3791b2b25.png', '/wxshopping/userfiles/images/4f90105c0f660359c5db26a4b74902d7.jpg', '/wxshopping/userfiles/images/960737547a829df72cc98be5c1923c00.jpg', '/wxshopping/userfiles/images/c2a0f62e7b350626478e0962e5e37d3b.jpg', '/wxshopping/userfiles/images/7f57d167d96fed10d7505096c9ee88f9.png', null, null, '109', '99', '12');
INSERT INTO `products_info` VALUES ('235', '竹柄鸵鸟毛尘掸', '轻轻一掸，除尘不留痕', '90', '20180713235134', '<p><img alt=\"\" src=\"/wxshopping/userfiles/images/49b33e9a1cafbc84cd5d03e5f0b93c8a.jpg\" style=\"height:430px; width:430px\" /></p>\r\n', '0', '/wxshopping/userfiles/images/61bedb52971468e0aaf8b495d3ef9276.png', '/wxshopping/userfiles/images/49b33e9a1cafbc84cd5d03e5f0b93c8a.jpg', '/wxshopping/userfiles/images/1700e915958f2adfba7c3e8fc40a8a92.jpg', '/wxshopping/userfiles/images/0dee54477731c88541b37c4a7734d41d.jpg', '/wxshopping/userfiles/images/011000768108e7885541b8c489239853.jpg', null, null, '39', '99', '23');
INSERT INTO `products_info` VALUES ('236', '蜂之语牌皇乳营养液 500克', '增强免疫力，抗辐射', '91', '20180713235428', '<p><img alt=\"\" src=\"/wxshopping/userfiles/images/79f716d1e130efdaeedbf2a90d40e800.jpg\" style=\"height:430px; width:430px\" /></p>\r\n', '0', '/wxshopping/userfiles/images/084e408dc92f9d31e04de86fd2910e70.png', '/wxshopping/userfiles/images/79f716d1e130efdaeedbf2a90d40e800.jpg', '/wxshopping/userfiles/images/d4ec7f506053dbeae53ee1e73f5e95f8.jpg', '/wxshopping/userfiles/images/4727a34c37d08e49716511ec4397653f.jpg', '/wxshopping/userfiles/images/e08154827fc2973f2c8e6200cd138a69.jpg', null, null, '169', '99', '45');
INSERT INTO `products_info` VALUES ('237', '优雅女士宽檐毛毡帽', '纯澳洲羊毛，精致花心褶', '1', '2018-08-02-16:37:09', '<p><img alt=\"\" src=\"/wxshopping/userfiles/images/049944a9d1ba986ed18d23c629430a2e.jpg\" style=\"height:430px; width:430px\" /></p>\r\n\r\n<p><img alt=\"\" src=\"/wxshopping/userfiles/images/45d30d364d779b4dd8b1cfeecbae6137.jpg\" style=\"height:430px; width:430px\" /></p>\r\n\r\n<p><img alt=\"\" src=\"/wxshopping/userfiles/images/a8473f54ad4e6cf72e48385245f00e8c.jpg\" style=\"height:430px; width:430px\" /></p>\r\n\r\n<p>&nbsp;</p>\r\n', '0', '/wxshopping/userfiles/images/8c55e5254c97a9ed0dd772a2ae6d90fa.png', '/wxshopping/userfiles/images/049944a9d1ba986ed18d23c629430a2e.jpg', '/wxshopping/userfiles/images/45d30d364d779b4dd8b1cfeecbae6137.jpg', '/wxshopping/userfiles/images/a8473f54ad4e6cf72e48385245f00e8c.jpg', '/wxshopping/userfiles/images/1829adb9937ff3b9f53373bffcf9bfa3.jpg', null, null, '129', '99', '14');
DROP TRIGGER IF EXISTS `tib_index_detail`;
DELIMITER ;;
CREATE TRIGGER `tib_index_detail` BEFORE INSERT ON `index_detail` FOR EACH ROW begin
end
;;
DELIMITER ;
DROP TRIGGER IF EXISTS `tub_index_detail`;
DELIMITER ;;
CREATE TRIGGER `tub_index_detail` BEFORE UPDATE ON `index_detail` FOR EACH ROW begin
end
;;
DELIMITER ;
DROP TRIGGER IF EXISTS `tua_index_type`;
DELIMITER ;;
CREATE TRIGGER `tua_index_type` AFTER UPDATE ON `index_type` FOR EACH ROW begin
end
;;
DELIMITER ;
